english;turkish;level;part_of_speech;;;;
a ;"bir
-de,da";A1 ;ind. article;;;;
abandon ;"terk etmek, býrakmak
-vazgeçmek, yarým býrakmak";B2 ;verb;;;; 
ability ;yetenek, kapasite;A2 ;noun;;;;
able ;-ebilmek;A2 ;adjective;;;;
abolish ; (yasa, kural vb.) yürürlükten kaldýrmak, son vermek;C1 ;verb;;;;
abortion ;çocuk aldýrma, kürtaj;C1 ;noun;;;;
about ;"yaklaþýk, aþaðý yukarý
…üzere";A1 ;adverb;;;;
about ;hakkýnda, üzerine, ile ilgili;A1 ;preposition;;;;
above ;"üstteki, yukarýdaki
(belgede vb.) yukarýdaki,
 sözü edilen)";A1 ;adverb;;;;
above ;yukarýsýndaki, üzerinde;A1 ;preposition;;;;
abroad ;yurt dýþýna, yurt dýþýnda;A2 ;adverb;;;;
absence ;yokluk, (bir yerde) bulunmayýþ, devamsýzlýk;C1 ;noun;;;;
absent ;bulunmayan, gelmeyen;C1 ;adjective;;;;
absolute ;"tam, kesin, salt
mutlak, reel";B2 ;adjective;;;;
absolutely ;"kesinlikle; tamamen";B1 ;adverb;;;;
absorb ;"emmek, içe çekmek
özümsemek, hazmetmek";B2 ;verb;;;;
abstract ;soyut, kuramsal;B2 ;adjective;;;;
absurd ;saçma, gülünç, anlamsýz;C1 ;adjective;;;;
abundance ;bolluk, zenginlik;C1 ;noun;;;;
abuse ;"kötüye kullanma, suistimal etme
taciz, kötü muamele";C1 ;noun;;;;
abuse ;"kötüye kullanmak, suistimal etmek
taciz etmek, kötü muamele
etmek";C1 ;verb;;;;
academic ;akademik;B1 ;adjective;;;;
academic ;akademisyen, öðretim üyesi;B2 ;noun;;;;
academy ;"akademi, yüksek okul
kurum";C1 ;noun;;;;
accelerate ;"hýzlanmak; hýzlandýrmak";C1 ;verb;;;;
accent ;aksan, þive;B2 ;noun;;;;
accept ;"kabul etmek, almak, evet demek; razý olmak
boyun eðmek,inanmak";A2 ;verb;;;;
acceptable ;"kabul edilebilir
uygun";B2 ;adjective;;;;
acceptance ;"kabul, kabul görme; razý olma, sineye çekme";C1 ;noun;;;;
access ;"geçiþ, giriþ, eriþme, ulaþma
giriþ hakký, kullanma imkaný
kullanma izni";B1 ;noun;;;;
access ; (bilgisayar) eriþmek;B1 ;verb;;;;
accessible ;"ulaþýlabilir, gidilebilir, eriþilebilir
anlaþýlabilir, inceliðine varýlabilir";C1 ;adjective;;;;
accident ;kaza;A2 ;noun;;;;
accidentally ;kaza eseri, kaza ile, tesadüfen;B2 ;adverb;;;;
accommodate ;yerleþtirmek, kalacak yer saðlamak;B2 ;verb;;;;
accommodation ;kalacak yer, yatacak yer;B1 ;noun;;;;
accompany ;"eþlik etmek, birlikte gitmek; iliþtirmek; birlikte görülmek";B2 ;verb;;;;
accomplish ;baþarmak, üstesinden gelmek;B2 ;verb;;;;
accomplishment ;"baþarý, hüner, ustalýk
baþarma,üstesinden gelme";C1 ;noun;;;;
accordance ;doðrultusunda, uyarýnca;C1 ;noun;;;;
according to ;"-e göre
-e uygun olarak, doðrultusunda";A2 ;preposition;;;;
accordingly ;"ona göre, o doðrultuda
dolayýsýyla";C1 ;adverb;;;;
account ;" (banka) hesap
hesap";B1 ;noun;;;;
account ;hesap vermek;B2 ;verb;;;;
accountability ;sorumluluk;C1 ;noun;;;;
accountable ;sorumlu;C1 ;adjective;;;;
accountant ;Muhasebeci;B2 ;noun;;;;
accumulate ;"toplamak; biriktirmek
birikmek, yýðýlmak";C1 ;verb;;;;
accumulation ;"birikme; yýðýlma";C1 ;noun;;;;
accuracy ;doðruluk, kesinlik;B2 ;noun;;;;
accurate ;doðru, tam;B2 ;adjective;;;;
accurately ;doðru olarak, tam olarak;B2 ;adverb;;;;
accusation ;suçlama;C1 ;noun;;;;
accuse ;suçlamak;B2 ;verb;;;;
accused ; (hukuk/kanun) sanýk;C1 ;noun;;;;
achieve ;"elde etmek
baþarmak, meydana getirmek";A2 ;verb;;;;
achievement ;"baþarý; baþarma ";B1 ;noun;;;;
acid ; (kimya) asit;B2 ;noun;;;;
acid ;asitli;C1 ;adjective;;;;
acknowledge ;"kabul etmek, kabullenmek
(gördüðünü,tanýdýðýný)
belli etmek ";B2 ;verb;;;;
acquire ;edinmek, elde etmek;B2 ;verb;;;;
acquisition ;"edinme
kazanç";C1 ;noun;;;;
acre ;Ýngiliz dönümü, 0,405 hektara eþdeðer arazi ölçüsü;C1 ;noun;;;;
across ;"karþýya, bir uçtan diðer uca
karþý tarafýnda";A1 ;adverb;;;;
across ;karþýya, bir uçtan diðer uca;A1 ;preposition;;;;
act ;"harekete geçmek, hareket etmek
oynamak, rol almak";A2 ;verb;;;;
act ;"hareket, davranýþ
yasa";B1 ;noun;;;;
action ;"hareket, faaliyet, eylem
aksiyon";A1 ;noun;;;;
activate ;harekete geçirmek;B2 ;verb;;;;
active ;"faal, aktif, canlý; etkin";A2 ;adjective;;;;
activist ;"eylemci; aktivist";C1 ;noun;;;;
activity ;"hareketlilik, canlýlýk
aktivite, faaliyet";A1 ;noun;;;;
actor ; (erkek, kadýn) oyuncu, artist;A1 ;noun;;;;
actress ; (kadýn) oyuncu, artist, aktris;A1 ;noun;;;;
actual ;"gerçek; gerçekte";B2 ;adjective;;;;
actually ;gerçekte, gerçekten;A2 ;adverb;;;;
acute ;þiddetli, akut;C1 ;adjective;;;;
ad [advertisement] ;reklam, ilan;B1 ;noun;;;;
adapt ;"uyarlamak; dönüþtürmek
uyum saðlamak";B2 ;verb;;;;
adaptation ;"uyarlama
uyum saðlama";C1 ;noun;;;;
add ;"eklemek, katmak
toplamak";A1 ;verb;;;;
addiction ;baðýmlýlýk, tiryakilik;B2 ;noun;;;;
addition ;toplama;B1 ;noun;;;;
additional ;ek, ilave;B2 ;adjective;;;;
additionally ;ek olarak;B2 ;adverb;;;;
address ;adres;A1 ;noun;;;;
address ;"adres yazmak
hitap etmek";B2 ;verb;;;;
adequate ;yeterli, uygun;B2 ;adjective;;;;
adequately ;yeterince;B2 ;adverb;;;;
adhere ;yapýþmak;C1 ;verb;;;;
adjacent ;bitiþik;C1 ;adjective;;;;
adjust ;"ayarlamak, düzeltmek
uyum saðlamak, alýþmak";B2 ;verb;;;;
adjustment ;ayarlama, düzeltme;C1 ;noun;;;;
administer ;yönetmek, idare etmek;C1 ;verb;;;;
administration ;"yönetim
iktidar, yönetim (ABD)";B2 ;noun;;;;
administrative ;yönetimle ilgili, yönetimsel, idari;C1 ;adjective;;;;
administrator ;yönetici, idareci;C1 ;noun;;;;
admire ;"hayran olmak, çok beðenmek; hayranlýkla seyretmek";B1 ;verb;;;;
admission ;"giriþ izni, giriþ
giriþ ücreti";C1 ;noun;;;;
admit ;kabul etmek, itiraf etmek;B1 ;verb;;;;
adolescent ;ergen;C1 ;noun;;;;
adopt ;"evlat edinmek
benimsemek, uygulamak";B2 ;verb;;;;
adoption ;"evlat, kabul; benimseme";C1 ;noun;;;;
adult ;eriþkin, büyük, yetiþkin;A1 ;noun;;;;
adult ;yetiþkin, eriþkin;A2 ;adjective;;;;
advance ;öncü;B2 ;adjective;;;;
advance ;"ilerleyiþ
avans";B2 ;noun;;;;
advance ;"ilerlemek
ilerletmek, ilerleme kaydetmek";B2 ;verb;;;;
advanced ;"geliþmiþ
ileri";B1 ;adjective;;;;
advantage ;"üstünlük, avantaj
yarar";A2 ;noun;;;;
adventure ;macera, serüven;A2 ;noun;;;;
adverse ;ters, elveriþsiz;C1 ;adjective;;;;
advertise ;reklam yapmak, ilan etmek;A2 ;verb;;;;
advertisement ;reklam, ilan;A2 ;noun;;;;
advertising ;reklamcýlýk, reklam;A2 ;noun;;;;
advice ;öðüt, tavsiye;A1 ;noun;;;;
advise ;"tavsiye etmek
haberdar etmek, bilgi vermek";B1 ;verb;;;;
advocate ;"taraftar, savunucu
avukat";C1 ;noun;;;;
advocate ;desteklemek, taraftar olmak;C1 ;verb;;;;
aesthetic ;estetik;C1 ;adjective;;;;
affair ;"iþler; olaylar
özel mesele, macera";B2 ;noun;;;;
affect ;etkilemek;A2 ;verb;;;;
affection ;sevgi, muhabbet;C1 ;noun;;;;
afford ;gücü yetmek, zamaný, bütçesi vb. el vermek;B1 ;verb;;;;
affordable ; (fiyat) uygun;B2 ;adjective;;;;
afraid ;korkmuþ, korkar;A1 ;adjective;;;;
after ;"sonra
ardýndan, arkasýndan";A1 ;preposition;;;;
after ;sonra;A2 ;adverb;;;;
after ;sonra;A2 ;conjunction;;;;
aftermath ;sonrasý;C1 ;noun;;;;
afternoon ;öðleden sonra;A1 ;noun;;;;
afterwards ;sonradan;B2 ;adverb;;;;
again ;"tekrar, bir daha
yeniden";A1 ;adverb;;;;
against ;" (spor) -e karþý
karþý, aleyhinde";A2 ;preposition;;;;
age ;"yaþ
çað";A1 ;noun;;;;
age ;"yaþlanmak; yaþlandýrmak";B1 ;verb;;;;
aged ;yaþýnda;B1 ;adjective;;;;
agency ;"acenta, ajans
daire (ABD)";B2 ;noun;;;;
agenda ;gündem;B2 ;noun;;;;
agent ;"acenta; temsilci ";B1 ;noun;;;;
aggression ;"saldýrganlýk
saldýrý";C1 ;noun;;;;
aggressive ;saldýrgan;B2 ;adjective;;;;
ago ;önce;A1 ;adverb;;;;
agree ;"ayný fikirde olmak
onaylamak, uygun görmek";A1 ;verb;;;;
agreement ;"anlaþma, sözleþme
onay, rýza";B1 ;noun;;;;
agricultural ;tarýmsal;C1 ;adjective;;;;
agriculture ;tarým;B2 ;noun;;;;
ah ;aa!, ha!;A2 ;exclamation;;;;
ahead ;ileride, ileriye;B1 ;adverb;;;;
aid ;yardým;B2 ;noun;;;;
aid ;yardým etmek;B2 ;verb;;;;
aide ;yardýmcý, muavin;C1 ;noun;;;;
AIDS ;AIDS;B2 ;noun;;;;
aim ;"amaç, gaye
niþan alma";B1 ;noun;;;;
aim ;"amaçlamak, gaye edinmek
hedef almak";B1 ;verb;;;;
air ;"hava
hava yolu";A1 ;noun;;;;
aircraft ;hava taþýtý;B2 ;noun;;;;
airline ;hava yollarý;A2 ;noun;;;;
airport ;havaalaný;A1 ;noun;;;;
alarm ;"panik, telaþ
alarm cihazý";B1 ;noun;;;;
alarm ;ürkütmek, telaþa düþürmek;B2 ;verb;;;;
albeit ;raðmen, ama;C1 ;conjunction;;;;
album ;albüm;B1 ;noun;;;;
alcohol ;alkol;B1 ;noun;;;;
alcoholic ;alkollü;B1 ;adjective;;;;
alert ;uyanýk, tetikte;C1 ;adjective;;;;
alert ;"alarm
temkinli, tetikte";C1 ;noun;;;;
alert ;"uyarmak; (tehlikeyi vb.) haber vermek";C1 ;verb;;;;
alien ;"yabancý, ecnebi
uzaylý, yaratýk";B2 ;noun;;;;
alien ;"alýþýlmadýk, deðiþik
yabancý";C1 ;adjective;;;;
align ;bir hizaya getirmek, hizaya sokmak;C1 ;verb;;;;
alignment ;"sýraya dizme; hizaya koyma
güç birliði";C1 ;noun;;;;
alike ;"benzer; birbirinden farksýz";C1 ;adjective;;;;
alike ;ayný þekilde, eþit;C1 ;adverb;;;;
alive ;sað, canlý;A2 ;adjective;;;;
all ;bütün;A1 ;determiner;;;;
all ;"hepsi
toplam";A1 ;pronoun;;;;
all ;tamamen;A2 ;adverb;;;;
all right ;"iyi, fena deðil
iyi, bir þeyi yok";A2 ;adjective;;;;
all right ;iyi, fena deðil;A2 ;adverb;;;;
all right ;pekâlâ, peki;A2 ;exclamation;;;;
allegation ;iddia;C1 ;noun;;;;
allege ;iddia etmek;C1 ;verb;;;;
allegedly ;sözüm ona, iddia edildiðine göre;C1 ;adverb;;;;
alliance ;ittifak;C1 ;noun;;;;
allocate ;tahsis etmek, ayýrmak;C1 ;verb;;;;
allocation ;"tahsis; tahsisat, ödenek";C1 ;noun;;;;
allow ;"müsaade etmek, izin vermek
imkan vermek
mümkün kýlmak";A2 ;verb;;;;
allowance ;"ödenek, müsaade
izin verilen miktar";C1 ;noun;;;;
ally ;"müttefik, yandaþ
dost";C1 ;noun;;;;
almost ;hemen hemen, neredeyse;A2 ;adverb;;;;
alone ;yalnýz, tek baþýna;A2 ;adjective;;;;
alone ;yalnýz, tek baþýna;A2 ;adverb;;;;
along ;"ileriye doðru, ileri
birlikte";A2 ;adverb;;;;
along ;"boyunca
kenarýnda, üzerinde, yanýnda";A2 ;preposition;;;;
alongside ;"yanýnda, yanýna
birlikte";B2 ;preposition;;;;
already ;"çoktan, zaten, bile
bu kadar, çabuk, þimdiden";A2 ;adverb;;;;
also ;hem de, de, ayný zamanda;A1 ;adverb;;;;
alter ;"deðiþmek; deðiþtirmek, deðiþklik yapmak, tadilat yapmak";B2 ;verb;;;;
alternative ;þýk, seçenek;A2 ;noun;;;;
alternative ;baþka, alternatif;B1 ;adjective;;;;
although ;"-diði halde, -mesine raðmen
ise de, her ne kadar";A2 ;conjunction;;;;
altogether ;"bütünüyle, tamamen
toplam olarak";B2 ;adverb;;;;
aluminium ;alüminyum;C1 ;noun;;;;
always ;"daima; her zaman";A1 ;adverb;;;;
amateur ;"amatör
acemice";C1 ;adjective;;;;
amateur ;"amatör
acemi";C1 ;noun;;;;
amazed ;çok þaþýrmýþ;B1 ;adjective;;;;
amazing ;þaþýlacak, akýl almaz;A1 ;adjective;;;;
ambassador ;büyükelçi;C1 ;noun;;;;
ambition ;"heves
hýrs, tutku";B1 ;noun;;;;
ambitious ;"hýrslý
iddialý";B1 ;adjective;;;;
ambulance ;cankurtaran, ambulans;B2 ;noun;;;;
amend ;deðiþiklik yapmak, düzeltmek;C1 ;verb;;;;
amendment ;"deðiþiklik, düzeltme
yasa deðiþikliði";C1 ;noun;;;;
amid ;ortasýnda, arasýnda;C1 ;preposition;;;;
among ; (ikiden fazla þey söz konusu olduðunda) arasýnda;A2 ;preposition;;;;
amount ;"meblað
miktar";A2 ;noun;;;;
amount ;-e varmak, (yekün) tutmak;B2 ;verb;;;;
amusing ;hoþ, eðlendirici, matrak;B2 ;adjective;;;;
analogy ;kýyas, analoji, benzetme;C1 ;noun;;;;
analyse ;çözümlemek, tahlil etmek, analiz etmek;B1 ;verb;;;;
analysis ;çözümleme, tahlil, analiz;B1 ;noun;;;;
analyst ;analist, yorumcu;B2 ;noun;;;;
ancestor ;ata, cet;B2 ;noun;;;;
anchor ; (gemi) demir, çapa;C1 ;noun;;;;
ancient ;"eski, eskiden kalma
çok yaþlý";A2 ;adjective;;;;
and ;ve;A1 ;conjunction;;;;
angel ;melek;C1 ;noun;;;;
anger ;kýzgýnlýk, öfke;B2 ;noun;;;;
angle ;"açý
eðik";B2 ;noun;;;;
angry ;kýzgýn;A1 ;adjective;;;;
animal ;hayvan;A1 ;noun;;;;
animation ;"coþku, canlýlýk
çizgi film yapýmý, canlandýrma,
animasyon";B2 ;noun;;;;
ankle ;ayak bileði;A2 ;noun;;;;
anniversary ;yýl dönümü;B2 ;noun;;;;
announce ;"bildirmek, ilan etmek
haykýrmak";B1 ;verb;;;;
announcement ;"duyuru
bildirme";B1 ;noun;;;;
annoy ;canýný sýkmak, sinirine dokunmak;B1 ;verb;;;;
annoyed ;kýzgýn, rahatsýz, içerlemiþ;B1 ;adjective;;;;
annoying ;can sýkýcý;B1 ;adjective;;;;
annual ;yýllýk, her yýl yapýlan;B2 ;adjective;;;;
annually ;bir yýlda, yýlda (bir);B2 ;adverb;;;;
anonymous ;"kimliði bilinmeyen
imzasýz, kimliði gizli tutulan";C1 ;adjective;;;;
another ;"bir tane daha
baþka";A1 ;determiner;;;;
another ;"bir tane daha
baþka";A1 ;pronoun;;;;
answer ;"cevap, yanýt
çözüm, çaðrý";A1 ;noun;;;;
answer ;"cevap vermek, yanýtlamak
cevap vermek (telefona)";A1 ;verb;;;;
anticipate ;beklemek, tahmin etmek, ummak;B2 ;verb;;;;
anxiety ;endiþe, kaygý;B2 ;noun;;;;
anxious ;"endiþeli, kaygýlý
istekli, hevesli";B2 ;adjective;;;;
any ;"hiç
herhangi bir";A1 ;determiner;;;;
any ;hiç;A1 ;pronoun;;;;
any ;daha;A2 ;adverb;;;;
any more ;artýk;A2 ;adverb;;;;
anybody ;"kimse, hiç kimse
herkes, herhangi bir kimse";A2 ;pronoun;;;;
anyone [anybody] ;"kimse, hiç kimse
herkes, herhangi bir kimse";A1 ;pronoun;;;;
anything ;"hiçbir þey, bir þey
herhangi bir þey, her þey";A1 ;pronoun;;;;
anyway ;"nasýl olsa, zaten; nasýlsa
yine de";A2 ;adverb;;;;
anywhere ;"hiçbir yerde; hiçbir yere, herhangi bir yerde, herhangi bir yere";A2 ;adverb;;;;
apart ;"ayrý, uzak
daðýlmýþ, daðýnýk, parça parça";B1 ;adverb;;;;
apartment ;apartman dairesi, salon;A1 ;noun;;;;
apologize ;özür dilemek;B1 ;verb;;;;
apology ;"özür; özür dileme, mazeret";B2 ;noun;;;;
app [application] ;"baþvuru, müracaat
uygulama";A2 ;noun;;;;
apparatus ;"teçhizat; aygýt, alet, cihaz";C1 ;noun;;;;
apparent ;"açýk seçik, belli
görünüþteki, sözde";B2 ;adjective;;;;
apparently ;söylentilere bakýlýrsa, anlaþýlan, görünüþe göre;B2 ;adverb;;;;
appeal ;"temyiz baþvurusu
yardým talebi, çaðrý";B2 ;noun;;;;
appeal ;"temyize baþvurmak, bir üst makama baþvurmak
baþvurmak, seslenmek";B2 ;verb;;;;
appealing ;"cazip; çekici
rica dolu yalvaran";C1 ;adjective;;;;
appear ;"gibi gözükmek; gibi görünmek
ortaya çýkmak";A2 ;verb;;;;
appearance ;"dýþ görünüþ
sahneye çýkma, rol alma";A2 ;noun;;;;
appetite ;"iþtah
arzu";C1 ;noun;;;;
applaud ;"alkýþlamak
takdir etmek";C1 ;verb;;;;
apple ;elma;A1 ;noun;;;;
applicable ;"ilgili; … için geçerli";C1 ;adjective;;;;
applicant ;"baþvuru sahibi; aday, müracaatçý";B2 ;noun;;;;
application ;"baþvuru, müracaat
uygulama";B1 ;noun;;;;
apply ;" (yazýlý olarak) baþvurmak
uygulamak, tatbik etmek";A2 ;verb;;;;
appoint ;"atamak
kararlaþtýrmak, saptamak";C1 ;verb;;;;
appointment ;randevu;B1 ;noun;;;;
appreciate ;"deðerini bilmek, -den anlamak
takdir etmek";B1 ;verb;;;;
appreciation ;"deðerini bilme, anlama
takdir, minnet";C1 ;noun;;;;
approach ;"yaklaþým
baþvuru";B2 ;noun;;;;
approach ;yaklaþmak;B2 ;verb;;;;
appropriate ;uygun;B2 ;adjective;;;;
appropriately ;uygun bir þekilde;B2 ;adverb;;;;
approval ;onay, muvafakat;B2 ;noun;;;;
approve ;"beðenmek, uygun bulmak
onaylamak, tasdik etmek";B2 ;verb;;;;
approximately ;yaklaþýk olarak, tahminen;B1 ;adverb;;;;
April ;Nisan;A1 ;noun;;;;
arbitrary ;keyfi, geliþigüzel;C1 ;adjective;;;;
architect ;mimar;A2 ;noun;;;;
architectural ;mimari;C1 ;adjective;;;;
architecture ;mimarlýk;A2 ;noun;;;;
archive ;arþiv;C1 ;noun;;;;
area ;"bölge, alan
alan, dal";A1 ;noun;;;;
arena ;saha, stadyum;C1 ;noun;;;;
arguably ;belki de;C1 ;adverb;;;;
argue ;münakaþa etmek, tartýþmak;A2 ;verb;;;;
argument ;"münakaþa, tartýþma
sav, tez";A2 ;noun;;;;
arise ;ortaya çýkmak, baþ göstermek;B2 ;verb;;;;
arm ;kol;A1 ;noun;;;;
arm ;"silahlanmak; silahlandýrmak";C1 ;verb;;;;
armed ;silahlý;B2 ;adjective;;;;
arms ;silahlar;B2 ;noun;;;;
army ;ordu;A2 ;noun;;;;
around ;"dört yanýn (-e, -de), çevresin (-e, -de); etraf, etraf (-a, -ta)
yakýnlarda, civarda";A1 ;adverb;;;;
around ;"dört yanýn (-e, -de), çevresin (-e, -de); etraf, etraf (-a, -ta)
yaklaþýk, civarýnda";A1 ;preposition;;;;
arrange ;düzenlemek, planlamak, ayarlamak;A2 ;verb;;;;
arrangement ;"düzenleme, ayarlama
anlaþma, sözleþme";A2 ;noun;;;;
array ;düzenleme, sergi;C1 ;noun;;;;
arrest ;tutuklama;B1 ;noun;;;;
arrest ;tutuklamak;B1 ;verb;;;;
arrival ;varýþ, geliþ;B1 ;noun;;;;
arrive ;varmak, ulaþmak, gelmek;A1 ;verb;;;;
arrow ;"ok
ok iþareti";B2 ;noun;;;;
art ;"sanat
hüner, marifet";A1 ;noun;;;;
article ;"madde, nesne, eþya
makale, yazý";A1 ;noun;;;;
articulate ;kendini rahatça ifade edebilmek, açýk seçik konuþmak, tane tane ;C1 ;verb;;;;
artificial ;yapma, yapay;B2 ;adjective;;;;
artist ;sanatçý, ressam;A1 ;noun;;;;
artistic ;"sanat; sanatla ilgili";B2 ;adjective;;;;
artwork ;" (kitap, dergi vb.) çizimler, resimler
sanat eseri";B2 ;noun;;;;
as ;"olarak; gibi 
kadar";A1 ;preposition;;;;
as ;"olarak; gibi
iken";A2 ;adverb;;;;
as ;"olarak; gibi ";A2 ;conjunction;;;;
ash ;kül;C1 ;noun;;;;
ashamed ;mahçup, utanmýþ;B2 ;adjective;;;;
aside ;kenara;B2 ;adverb;;;;
ask ;"sormak
rica etmek, istemek";A1 ;verb;;;;
asleep ;uykuda;A2 ;adjective;;;;
aspect ;yön;B2 ;noun;;;;
aspiration ;heves, emel;C1 ;noun;;;;
aspire ;hevesi olmak, gözü -de olmak;C1 ;verb;;;;
assassination ;suikast;C1 ;noun;;;;
assault ;saldýrý;C1 ;noun;;;;
assault ;saldýrmak;C1 ;verb;;;;
assemble ;"toplanmak; toplamak
kurmak, monte etmek";C1 ;verb;;;;
assembly ;meclis, toplantý;C1 ;noun;;;;
assert ;"beyan etmek, ileri sürmek
göstermek, belli etmek, hissettirmek";C1 ;verb;;;;
assertion ;iddia, sav;C1 ;noun;;;;
assess ;"deðerlendirmek
belirlemek (deðer, miktar)";B2 ;verb;;;;
assessment ;deðerlendirme;B2 ;noun;;;;
asset ;"kazanç
mal varlýðý";B2 ;noun;;;;
assign ;"ayýrmak, tahsis etmek
atamak, görevlendirmek";B2 ;verb;;;;
assignment ;"görev; ödev ";B1 ;noun;;;;
assist ;yardým etmek, yardýmcý olmak;B1 ;verb;;;;
assistance ;yardým, destek;B2 ;noun;;;;
assistant ;müdür yardýmcýsý;A2 ;adjective;;;;
assistant ;asistan, yardýmcý;A2 ;noun;;;;
associate ;"baðdaþtýrmak
arkadaþlýk etmek, görüþmek";B2 ;verb;;;;
association ;"birlik, dernek
ortaklýk, birliktelik";B2 ;noun;;;;
assume ;varsaymak, sanmak;B2 ;verb;;;;
assumption ;varsayým;B2 ;noun;;;;
assurance ;"teminat, garanti
emniyet, güven";C1 ;noun;;;;
assure ;"(birini) temin etmek, (birine) garanti vermek
garanti altýna almak";B2 ;verb;;;;
astonishing ;þaþýrtýcý;B2 ;adjective;;;;
asylum ;sýðýnma hakký;C1 ;noun;;;;
at ; (yer) -de;A1 ;preposition;;;;
athlete ;atlet;A2 ;noun;;;;
atmosphere ;"atmosfer
hava, ortam";B1 ;noun;;;;
atrocity ;gaddarlýk, vahþet;C1 ;noun;;;;
attach ;"iliþtirmek, baðlamak, takmak, tutturmak
katýlmak, katmak";B1 ;verb;;;;
attachment ;"baðlýlýk, düþkünlük
ilave parça";B2 ;noun;;;;
attack ;saldýrý, baskýn, hücum;A2 ;noun;;;;
attack ;saldýrmak, hücum etmek, basmak;A2 ;verb;;;;
attain ;ulaþmak, eriþmek;C1 ;verb;;;;
attempt ;deneme, giriþim, teþebbüs;B2 ;noun;;;;
attempt ;kalkýþmak, yeltenmek, teþebbüs etmek, giriþiminde bulunmak;B2 ;verb;;;;
attend ;"devam etmek, katýlmak
ilgilenmek, bakmak, ele almak";A2 ;verb;;;;
attendance ;"devam
katýlým";C1 ;noun;;;;
attention ;dikkat;A2 ;exclamation;;;;
attention ;"dikkat, ilgi
dikkat etmek";A2 ;noun;;;;
attitude ;tavýr, tutum, görüþ;B1 ;noun;;;;
attorney [lawyer] ;avukat;C1 ;noun;;;;
attract ;cezbetmek, çekici gelmek;B1 ;verb;;;;
attraction ;çekici yön, cazip yan, özellik;B1 ;noun;;;;
attractive ;"güzel, hoþ, alýmlý, yakýþýklý
çekici, cazip";A2 ;adjective;;;;
attribute ;özellik, nitelik;C1 ;noun;;;;
attribute ;atfetmek, mal etmek;C1 ;verb;;;;
auction ;müzayede, açýk artýrma, mezat, ihale;B2 ;noun;;;;
audience ;"seyirci; dinleyici, izleyici";A2 ;noun;;;;
audio ;ses kaydýyla ilgili;B2 ;adjective;;;;
audit ;hesap denetimi, hesap incelemesi;C1 ;noun;;;;
August ;Aðustos;A1 ;noun;;;;
aunt ;"hala; teyze; yenge";A1 ;noun;;;;
authentic ;sahici, hakiki;C1 ;adjective;;;;
author ;yazar;A2 ;noun;;;;
authority ;"yetkili, resmî makam
otorite, nüfuz, etki";B1 ;noun;;;;
authorize ;"yetki vermek; izin vermek, ruhsat vermek";C1 ;verb;;;;
automatic ; (makine) otomatik;B2 ;adjective;;;;
automatically ;"kendiliðinden; otomatik olarak, prosedüre uygun olarak";B2 ;adverb;;;;
autonomy ;özerklik, otonomi;C1 ;noun;;;;
autumn ;sonbahar, güz;A1 ;noun;;;;
availability ;elde bulunma;C1 ;noun;;;;
available ;"mevcut, eriþilebilir, elde bulunan
boþ, müsait";A2 ;adjective;;;;
average ;"ortalama
vasat";A2 ;adjective;;;;
average ;ortalama;A2 ;noun;;;;
average ;"ortalama olarak yapmak; ortalamayý tutturmak
ortalamasýný almak";B1 ;verb;;;;
avoid ;kaçýnmak, uzak durmak, sakýnmak, önüne geçmek;A2 ;verb;;;;
await ;beklemek;C1 ;verb;;;;
award ;ödül;A2 ;noun;;;;
award ;ödül vermek;B1 ;verb;;;;
aware ;farkýnda, bilincinde;B1 ;adjective;;;;
awareness ;bilincinde olma, farkýnda olma;B2 ;noun;;;;
away ;"uzaða, uzakta
deplasmanda";A1 ;adverb;;;;
awful ;"berbat, kötü, feci
müthiþ, korkunç";A2 ;adjective;;;;
awkward ;"sýkýntýlý, gergin, zor
garip";B2 ;adjective;;;;
baby ;"bebek
yavru";A1 ;noun;;;;
back ;geriye, arkaya;A1 ;adverb;;;;
back ;sýrt, arka;A1 ;noun;;;;
back ;arka;A2 ;adjective;;;;
back ;"geri gitmek, geri sürmek
arka çýkmak, desteklemek";B2 ;verb;;;;
backdrop ; (tiyatro) sahne arka perdesi;C1 ;noun;;;;
background ;"yetiþme tarzý, geçmiþ, birikim, ortam
arka plan, fon";A2 ;noun;;;;
backing ;destek, yardým, arka çýkma;C1 ;noun;;;;
backup ;"yardým, destek
yedek, kopya";C1 ;noun;;;;
backwards ;arkaya doðru, geri, arka üstü;B1 ;adverb;;;;
bacteria ;bakteri;B2 ;noun;;;;
bad ;"kötü, tatsýz
zararlý";A1 ;adjective;;;;
badge ;"rozet; arma";B2 ;noun;;;;
badly ;"kötü
aðýr, þiddetli";A2 ;adverb;;;;
bag ;"çanta, torba
valiz";A1 ;noun;;;;
bail ;kefalet;C1 ;noun;;;;
bake ;"fýrýnda piþirmek; piþmek";B1 ;verb;;;;
balance ;denge;B1 ;noun;;;;
balance ;"dengede durmak; dengede tutmak";B1 ;verb;;;;
balanced ;tarafsýz;B2 ;adjective;;;;
ball ;"top
balo";A1 ;noun;;;;
ballet ;bale (sanatý);B2 ;noun;;;;
balloon ;balon;B2 ;noun;;;;
ballot ;"gizli oylama
oy pusulasý";C1 ;noun;;;;
ban ;yasak;B1 ;noun;;;;
ban ;resmen yasaklamak;B1 ;verb;;;;
banana ;muz;A1 ;noun;;;;
band ;"orkestra, bando, müzik topluluðu
bant, þerit";A1 ;noun;;;;
bank ;banka;A1 ;noun;;;;
banner ;pankart;C1 ;noun;;;;
bar ;bar;A2 ;noun;;;;
bar ;sürgülemek;B2 ;verb;;;;
bare ;çýplak, boþ;C1 ;adjective;;;;
barely ;neredeyse hiç, biraz, çok az, ancak;B2 ;adverb;;;;
bargain ;"kelepir
pazarlýk";B2 ;noun;;;;
barrel ;"fýçý, varil
namlu";C1 ;noun;;;;
barrier ;engel, bariyer;B2 ;noun;;;;
base ;"taban; kaide, dip
merkez";B1 ;noun;;;;
base ;"merkez edinmek
dayandýrmak, dayanmak";B1 ;verb;;;;
baseball ;beyzbol;A2 ;noun;;;;
basement ;"bodrum katý; bodrum";B2 ;noun;;;;
basic ;asýl, temel;B1 ;adjective;;;;
basically ;esasýnda, aslýnda;B2 ;adverb;;;;
basis ;"temel, esas
sistem";B1 ;noun;;;;
basket ;"sepet
(basketbolda) pota, sayý";B2 ;noun;;;;
basketball ;basketbol;A2 ;noun;;;;
bass ;" (müzik) alçak perdeli
(müzik) bas, bas bariton";C1 ;noun;;;;
bat ;" (kriket, beyzbol, masa tenisi vb.) sopa; raket
yarasa";B2 ;noun;;;;
bat ; (kriket, beyzbol vb.) vuruþ yapmak;C1 ;verb;;;;
bath ;banyo, küvet;A1 ;noun;;;;
bathroom ;"banyo
tuvalet";A1 ;noun;;;;
battery ;"pil; akü";B1 ;noun;;;;
battle ;muharebe;B1 ;noun;;;;
battle ;"boðuþmak, çarpýþmak; mücadele etmek";B2 ;verb;;;;
battlefield ;savaþ alaný, muharebe meydaný;C1 ;noun;;;;
bay ;körfez;C1 ;noun;;;;
be ;"var olmak
bulunmak";A1 ;verb;;;;
be ;*Yardýmcý fiil;A1 ;auxiliary verb;;;;
beach ;kumsal;A1 ;noun;;;;
beam ;"ýþýk demeti; ýþýn, huzme";C1 ;noun;;;;
bean ;"fasulye
çekirdek";A2 ;noun;;;;
bear ;ayý;A2 ;noun;;;;
bear ;"dayanmak, tahammül etmek, nefret etmek
taþýmak, çekmek";B2 ;verb;;;;
beast ;hayvan;C1 ;noun;;;;
beat ;"yenmek, üstün gelmek
dövmek, vurmak";A2 ;verb;;;;
beat ;"tempo
müzik ritmi";B2 ;noun;;;;
beautiful ;güzel, harika;A1 ;adjective;;;;
beauty ;güzellik;B1 ;noun;;;;
because ;çünkü;A1 ;conjunction;;;;
become ;olmak;A1 ;verb;;;;
bed ;yatak, karyola;A1 ;noun;;;;
bedroom ;yatak odasý;A1 ;noun;;;;
bee ;arý;B1 ;noun;;;;
beef ;sýðýr eti;A2 ;noun;;;;
beer ;bira;A1 ;noun;;;;
before ;önce, -den önce;A1 ;preposition;;;;
before ;daha önce;A2 ;adverb;;;;
before ;önce, -den önce;A2 ;conjunction;;;;
beg ;"dilemek; yalvarmak
dilenmek";B2 ;verb;;;;
begin ;baþlamak;A1 ;verb;;;;
beginning ;baþlangýç, baþ;A1 ;noun;;;;
behalf ;adýna;C1 ;noun;;;;
behave ;"davranmak, hareket etmek
terbiyeli olmak, uslu durmak";A2 ;verb;;;;
behaviour ;tavýr, davranýþ;A2 ;noun;;;;
behind ;"arkada, arkasýnda; arkaya, arkasýna";A1 ;adverb;;;;
behind ;"arkada, arkasýnda; arkaya, arkasýna";A1 ;preposition;;;;
being ;"varoluþ
varlýk, insan, yaratýk";B2 ;noun;;;;
belief ;inanç;B1 ;noun;;;;
believe ;"inanmak
inancý olmak, iman etmek";A1 ;verb;;;;
bell ;"çan, kampana
zil";B1 ;noun;;;;
belong ;"yer edinmek; yeri olmak
ait olmak";A2 ;verb;;;;
beloved ;"sevilen; sevgili, aziz";C1 ;adjective;;;;
below ;"altýnda, aþaðýda; altýna, aþaðýsýnda; aþaðýya";A1 ;adverb;;;;
below ;"altýnda, aþaðýda; altýna, aþaðýsýnda; aþaðýya";A1 ;preposition;;;;
belt ;"kemer; kuþak";A2 ;noun;;;;
bench ;bank;C1 ;noun;;;;
benchmark ;ölçüt, kýstas;C1 ;noun;;;;
bend ;"dönemeç; viraj";B1 ;noun;;;;
bend ;eðilmek;B1 ;verb;;;;
beneath ;"altýnda, altýna; aþaðýda, aþaðýya";C1 ;preposition;;;;
beneficial ;"hayýrlý; yararlý";B2 ;adjective;;;;
beneficiary ;faydalanan;C1 ;noun;;;;
benefit ;"fayda; çýkar; yarar
ek olanaklar";A2 ;noun;;;;
benefit ;"yararlý olmak, yararýna olmak
yararlanmak, istifade etmek";B1 ;verb;;;;
bent ;iki büklüm;B2 ;adjective;;;;
beside ;"yanýna; yanýnda";B2 ;preposition;;;;
besides ;ayrýca, üstelik;B2 ;adverb;;;;
besides ;-den baþka;B2 ;preposition;;;;
best ;en iyi, en uygun;A1 ;adjective;;;;
best ;en iyi, en çok;A2 ;adverb;;;;
best ;"en iyisi(ni), en iyi hali(ni); en iyi olan";A2 ;noun;;;;
bet ;"bahis
iddia";B2 ;noun;;;;
bet ;"bahse girmek
eminim öyledir";B2 ;verb;;;;
betray ;"ifþa etmek, ele vermek
ihanet etmek";C1 ;verb;;;;
better ;daha iyi;A1 ;adjective;;;;
better ;daha iyi;A2 ;adverb;;;;
better ;"daha iyisi/iyisini, daha üstünü/üstününü
eskisinden iyi/kötü";B1 ;noun;;;;
between ;ikisinin arasýnda, arasý;A1 ;preposition;;;;
between ;ikisinin arasýnda, arasý;A2 ;adverb;;;;
beyond ;ötedeki, ilerideki;B2 ;adverb;;;;
beyond ;"ötesinde, ardýnda, ötesine
-den öteye, -den sonra, 
-den ileriye";B2 ;preposition;;;;
bias ;önyargý;B2 ;noun;;;;
bicycle ;bisiklet;A1 ;noun;;;;
bid ;fiyat teklifi;B2 ;noun;;;;
bid ;fiyat teklif etmek;B2 ;verb;;;;
big ;büyük;A1 ;adjective;;;;
bike ;"bisiklet; motorsiklet";A1 ;noun;;;;
bill ;"fatura; hesap pusulasý
hesap, adisyon";A1 ;noun;;;;
bill ;ilan etmek, lanse etmek;B2 ;verb;;;;
billion ;milyar;A2 ;number;;;;
bin ;"çöp kutusu, çöp tenekesi; (sokak) çöp bidonu
teneke kutu";A2 ;noun;;;;
bind ;birbirine baðlamak;C1 ;verb;;;;
biography ;biyografi, yaþam öyküsü;C1 ;noun;;;;
biological ;biyoloji ile ilgili, biyolojik;B2 ;adjective;;;;
biology ;biyoloji;A2 ;noun;;;;
bird ;kuþ;A1 ;noun;;;;
birth ;doðum;A2 ;noun;;;;
birthday ;"doðum günü; yaþgünü";A1 ;noun;;;;
biscuit ;bisküvi;A2 ;noun;;;;
bishop ;"piskopos
(satranç) fil";C1 ;noun;;;;
bit ;biraz;A2 ;noun;;;;
bite ;"lokma
ýsýrýk, sokma";B1 ;noun;;;;
bite ;ýsýrmak;B1 ;verb;;;;
bitter ;"amansýz, acýmasýz, kýyasýya
acý, siyah, bitter";B2 ;adjective;;;;
bizarre ;tuhaf, acayip;C1 ;adjective;;;;
black ;kara, siyah;A1 ;adjective;;;;
black ;kara, siyah;A1 ;noun;;;;
blade ; (býçak, kýlýç vb.) aðýz;C1 ;noun;;;;
blame ;kabahat, suç;B2 ;noun;;;;
blame ;kabahati -e atmak, -e kabahat bulmak, sorumlu tutmak;B2 ;verb;;;;
blank ;boþ;A2 ;adjective;;;;
blank ;boþluk;A2 ;noun;;;;
blanket ;battaniye;B2 ;noun;;;;
blast ;patlama, infilak;C1 ;noun;;;;
blast ;dinamitle tünel vb. açmak;C1 ;verb;;;;
bleed ;kanamak;C1 ;verb;;;;
blend ;harman, karýþým;C1 ;noun;;;;
blend ;karýþtýrmak, harmanlamak;C1 ;verb;;;;
bless ;kutsamak, takdis etmek;C1 ;verb;;;;
blessing ;"nimet, lütuf
hayýr, dua, destek, rýza";C1 ;noun;;;;
blind ;kör, görmez;B2 ;adjective;;;;
block ;"kütük; kalýp, kütle
blok (apartman)";B1 ;noun;;;;
block ;"kapamak, týkamak; kapanmak, týkanmak
engellemek";B1 ;verb;;;;
blog ; (internet) blog, að günlüðü;A1 ;noun;;;;
blonde ;sarýþýn, sarý;A1 ;adjective;;;;
blood ;kan;A2 ;noun;;;;
blow ;"üflemek
savrulmak, uçuþmak, uçmak";A2 ;verb;;;;
blow ;"darbe
sarsmak";B2 ;noun;;;;
blue ;mavi, mavi renkli;A1 ;adjective;;;;
blue ;mavi;A1 ;noun;;;;
board ;"döþeme tahtasý
tahta, levha";A2 ;noun;;;;
board ; (taþýt) binmek;B1 ;verb;;;;
boast ;övünmek, böbürlenmek;C1 ;verb;;;;
boat ;"kayýk, sandal
gemi";A1 ;noun;;;;
body ;"vücut
ceset";A1 ;noun;;;;
boil ;"kaynamak
haþlamak";A2 ;verb;;;;
bold ;atak, cüretkâr, cesur;B2 ;adjective;;;;
bomb ;bomba;B1 ;noun;;;;
bomb ;bombalamak;B1 ;verb;;;;
bond ;bað;B2 ;noun;;;;
bone ;kemik;A2 ;noun;;;;
bonus ;ikramiye;C1 ;noun;;;;
book ;"kitap
defter";A1 ;noun;;;;
book ;yer ayýrtmak, rezervasyon yaptýrmak;A2 ;verb;;;;
booking ;rezervasyon;B2 ;noun;;;;
boom ;" (piyasa) canlanma; patlama";C1 ;noun;;;;
boost ;artýþ, yükseltme, teþvik;B2 ;noun;;;;
boost ;arttýrmak, yükseltmek, teþvik etmek;B2 ;verb;;;;
boot ;bot, çizme;A1 ;noun;;;;
border ;sýnýr;B1 ;noun;;;;
border ;"etrafýný çevirmek, çevrilmek; sýnýr komþusu olmak";B2 ;verb;;;;
bored ;caný sýkýlan;A1 ;adjective;;;;
boring ;sýkýcý;A1 ;adjective;;;;
born ;doðmak, dünyaya gelmek, ortaya çýkmak;A1 ;verb;;;;
borrow ;"ödünç almak
yürütmek, aþýrmak";A2 ;verb;;;;
boss ;patron, iþveren;A2 ;noun;;;;
both ;"her iki; her ikisi";A1 ;determiner;;;;
both ;"her iki; her ikisi";A1 ;pronoun;;;;
bother ;"zahmete girmek, zahmet etmek
rahatsýz etmek, tasalandýrmak,
huzursuz etmek";B1 ;verb;;;;
bottle ;þiþe;A1 ;noun;;;;
bottom ;"en alt; en alttaki";A2 ;adjective;;;;
bottom ;"alt; dip
son, öbür uç";A2 ;noun;;;;
bounce ;" (top vb.) zýplamak; zýplatmak";C1 ;verb;;;;
bound ;"-acaðý belli, -acaðý kesin, -maya mahkûm
yükümlü, zorunlu, baðlý (yasal
veya ahlaki olarak)";B2 ;adjective;;;;
boundary ;sýnýr;C1 ;noun;;;;
bow ;reverans, selam;C1 ;noun;;;;
bow ;"reverans yapmak; eðilerek selam vermek
boyun eðmek";C1 ;verb;;;;
bowl ;"çanak; kâse";A2 ;noun;;;;
box ;"kutu
kutu, kare";A1 ;noun;;;;
boy ;oðlan, erkek çocuk, oðul;A1 ;noun;;;;
boyfriend ;erkek arkadaþ, sevgili, flört;A1 ;noun;;;;
brain ;beyin;A2 ;noun;;;;
branch ;"dal
kol, dal";B1 ;noun;;;;
brand ;"marka
tür";B1 ;noun;;;;
brand ;lekelemek, damgalamak;B1 ;verb;;;;
brave ;cesaretli, mert;B1 ;adjective;;;;
breach ;"ihlal, bozma
gedik";C1 ;noun;;;;
breach ;ihlal etmek;C1 ;verb;;;;
bread ;ekmek;A1 ;noun;;;;
break ;"ara, mola; teneffüs
kýrýk, çatlak";A1 ;noun;;;;
break ;"kýrmak; kýrýlmak
karþý gelmek, uymamak, bozmak";A1 ;verb;;;;
breakdown ; (araba, makine vb.) arýza, bozulma;C1 ;noun;;;;
breakfast ;kahvaltý;A1 ;noun;;;;
breakthrough ;"önemli buluþ; ciddi ilerleme, hamle";C1 ;noun;;;;
breast ;meme, göðüs;B2 ;noun;;;;
breath ;"nefes, soluk
nefes alma";B1 ;noun;;;;
breathe ;nefes almak;B1 ;verb;;;;
breathing ;nefes alma;B1 ;noun;;;;
breed ; (hayvan) ýrk, cins, soy;C1 ;noun;;;;
breed ;" (hayvan) doðurmak, yavrulamak
yetiþtirmek, üretmek, beslemek";C1 ;verb;;;;
brick ;tuðla;B2 ;noun;;;;
bride ;gelin;B1 ;noun;;;;
bridge ;köprü;A2 ;noun;;;;
brief ;kýsa;B2 ;adjective;;;;
briefly ;"kýsaca; kýsa bir süre için";B2 ;adverb;;;;
bright ;"aydýnlýk, parlak, ýþýltýlý
zeki, parlak";A2 ;adjective;;;;
brilliant ;"çok parlak; çok zeki
muhteþem, fevkalade";A2 ;adjective;;;;
bring ;getirmek, alýp gelmek;A1 ;verb;;;;
broad ;"geniþ
yaygýn";B2 ;adjective;;;;
broadband ; (bilgisayar) geniþ bant;C1 ;noun;;;;
broadcast ;yayýn;B2 ;noun;;;;
broadcast ;"yayýn yapmak; yayýnlamak";B2 ;verb;;;;
broadcaster ;yayýncý;B2 ;noun;;;;
broadly ;genel olarak;B2 ;adverb;;;;
broken ;"bozuk; kýrýk";A2 ;adjective;;;;
brother ;"erkek kardeþ; aðabey";A1 ;noun;;;;
brown ;kahverengi;A1 ;adjective;;;;
brown ;kahverengi;A1 ;noun;;;;
browser ; (internet) tarayýcý;C1 ;noun;;;;
brush ;fýrça;A2 ;noun;;;;
brush ;"fýrçalamak; süpürmek";A2 ;verb;;;;
brutal ;"vahþi; acýmasýz";C1 ;adjective;;;;
bubble ;" (hava, su, gaz) köpük; kabarcýk";B1 ;noun;;;;
buck ;Amerikan dolarý;C1 ;noun;;;;
buddy ;"kafadar; ahbap";C1 ;noun;;;;
budget ;bütçe;B2 ;noun;;;;
buffer ; (M) tampon;C1 ;noun;;;;
bug ;"küçük böcek
dinleme cihazý";B2 ;noun;;;;
build ;"yapmak, inþa etmek
kurmak, geliþtirmek";A1 ;verb;;;;
building ;"yapý, bina
inþaat";A1 ;noun;;;;
bulk ;"büyük kýsým
kütle, hacim, büyüklük";C1 ;noun;;;;
bullet ;kurþun;B2 ;noun;;;;
bunch ;"demet; salkým; deste; hevenk; tomar";B2 ;noun;;;;
burden ;aðýr sorumluluk, yük;C1 ;noun;;;;
bureaucracy ;kýrtasiyecilik, bürokrasi;C1 ;noun;;;;
burial ;"defin; gömme";C1 ;noun;;;;
burn ;"yanmak
yakmak";A2 ;verb;;;;
burn ;yanýk;B2 ;noun;;;;
burst ;"patlatmak; patlamak
aniden açmak, þiddetle açmak";C1 ;verb;;;;
bury ;defnetmek;B1 ;verb;;;;
bus ;otobüs;A1 ;noun;;;;
bush ;"çalý; çalýlýk";B2 ;noun;;;;
business ;"iþ; ticaret
olay, durum, mesele";A1 ;noun;;;;
businessman ;iþ adamý;A2 ;noun;;;;
busy ;"meþgul
iþlek, kalabalýk";A1 ;adjective;;;;
but ;fakat, ama;A1 ;conjunction;;;;
but ;"dýþýnda; -den baþka";B2 ;preposition;;;;
butter ;tereyaðý;A1 ;noun;;;;
button ;düðme;A2 ;noun;;;;
buy ;"satýn almak; ýsmarlamak";A1 ;verb;;;;
by ;"yanýna, yanýnda; yakýnýna, yakýnýnda, kenarýnda
sonucu, sayesinde";A1 ;preposition;;;;
by ;yanýndan, önünden;B1 ;adverb;;;;
bye ;hoþça kal, eyvallah;A1 ;exclamation;;;;
cabin ;"kamara
kulübe";B2 ;noun;;;;
cabinet ;"kabine, bakanlar kurulu
dolap";C1 ;noun;;;;
cable ;"urgan; zincir
kablo";B2 ;noun;;;;
cafe ;kahve, kafe;A1 ;noun;;;;
cake ;"kek; pasta";A1 ;noun;;;;
calculate ;hesaplamak;B2 ;verb;;;;
calculation ;hesap;C1 ;noun;;;;
call ;"telefon konuþmasý, arama
çaðrý, baðýrýþ, haykýrýþ";A1 ;noun;;;;
call ;"adlandýrýlmak; çaðrýlmak
seslenmek, baðýrmak, çaðýrmak";A1 ;verb;;;;
calm ;sakin;B1 ;adjective;;;;
calm ;huzur, dinginlik;B1 ;noun;;;;
calm ;"sakinleþmek; sakinleþtirmek";B1 ;verb;;;;
camera ;"fotoðraf makinasý; kamera";A1 ;noun;;;;
camp ;kamp;A2 ;noun;;;;
camp ;kamp kurmak/yapmak;A2 ;verb;;;;
campaign ;kampanya;B1 ;noun;;;;
campaign ;kampanya açmak, seferberlik ilan etmek;B1 ;verb;;;;
camping ;kamp yapma;A2 ;noun;;;;
campus ; (okul, üniversite vb.) kampüs;B1 ;noun;;;;
can ;"-ebilmek
-ebilmek, izin istemek";A1 ;modal verb;;;;
can ;" (teneke, plastik) kutu
konserve";A2 ;noun;;;;
canal ;kanal;B2 ;noun;;;;
cancel ;iptal etmek;B2 ;verb;;;;
cancer ;kanser;B2 ;noun;;;;
candidate ;aday;B1 ;noun;;;;
candle ;mum;B2 ;noun;;;;
canvas ;"branda bezi, çadýr bezi
tuval, tablo";C1 ;noun;;;;
cap ;"kep, kasket
kapak";B1 ;noun;;;;
capability ;yeterlik, yetenek;C1 ;noun;;;;
capable ;"yapabilir; yapabilme gücüne sahip; yetenekli";B2 ;adjective;;;;
capacity ;"hacim, kapasite
kavrayýþ, kavrama gücü";B2 ;noun;;;;
capital ;idam, idamlýk;A1 ;adjective;;;;
capital ;"baþkent
büyük harf";A1 ;noun;;;;
capitalism ;kapitalizm, anamalcýlýk;C1 ;noun;;;;
capitalist ;kapitalist, anamalcý;C1 ;adjective;;;;
captain ;"kaptan
lider, takým kaptaný";B1 ;noun;;;;
capture ;"ele geçirme/geçirilme; yakalama; yakalanma";B2 ;noun;;;;
capture ;ele geçirmek, zapt etmek;B2 ;verb;;;;
car ;araba, otomobil;A1 ;noun;;;;
carbon ;karbon;B2 ;noun;;;;
card ;"karton
kart, kartpostal";A1 ;noun;;;;
care ;"bakým; sorumluluk, koruma
dikkat gösterme, dikkatli olma,
ihtimam, özen";A2 ;noun;;;;
care ;aldýrmak, umursamak, ilgilenmek;A2 ;verb;;;;
career ;"kariyer, iþ
meslek hayatý";A1 ;noun;;;;
careful ;"dikkatli
özenli, itinalý";A2 ;adjective;;;;
carefully ;dikkatli, özenli;A2 ;adverb;;;;
careless ;"dikkatsiz; ihmalkâr";B1 ;adjective;;;;
cargo ;yük, kargo;C1 ;noun;;;;
carpet ;halý;A2 ;noun;;;;
carriage ;"yolcu vagonu
atlý araba";C1 ;noun;;;;
carrot ;havuç;A1 ;noun;;;;
carry ;"taþýmak
üzerinde taþýmak, bulundurmak";A1 ;verb;;;;
cartoon ;"karikatür
çizgi film";A2 ;noun;;;;
carve ;oymak, kâzýmak;C1 ;verb;;;;
case ;"durum, vaziyet; mesele
vaka, dava";A2 ;noun;;;;
cash ;nakit para;A2 ;noun;;;;
casino ;kumarhane;C1 ;noun;;;;
cast ; (film, piyes vb.) oyuncu kadrosu;B2 ;noun;;;;
cast ;"að atmak
rol vermek";B2 ;verb;;;;
castle ;"kale
(satranç) kale";A2 ;noun;;;;
casual ;"rahat, kayýtsýz; sýradan, geliþigüzel";B2 ;adjective;;;;
casualty ;" (kaza, savaþ) kayýp, zayiat; kazazede, yaralý";C1 ;noun;;;;
cat ;kedi;A1 ;noun;;;;
catalogue ;katalog;C1 ;noun;;;;
catch ;"yakalamak, tutmak
yakalamak, yetiþmek";A2 ;verb;;;;
catch ;yakalama, tutma;B2 ;noun;;;;
category ;kategori;B1 ;noun;;;;
cater ;" (düðün, toplantý vb.) ikram hizmetini üslenmek
hizmet etmek, isteðine cevap vermek";C1 ;verb;;;;
cattle ;sýðýr;C1 ;noun;;;;
cause ;"sebep
dava";A2 ;noun;;;;
cause ;yol açmak, sebep olmak;A2 ;verb;;;;
caution ;"dikkat; ihtiyat; basiret";C1 ;noun;;;;
cautious ;dikkatli, ihtiyatlý;C1 ;adjective;;;;
cave ;maðara;B2 ;noun;;;;
CD ;kompakt disk;A1 ;noun;;;;
cease ;"sona ermek, durmak, kesilmek; son vermek, durdurmak; kesmek";C1 ;verb;;;;
ceiling ;tavan;B1 ;noun;;;;
celebrate ;kutlamak;A2 ;verb;;;;
celebration ;kutlama;B1 ;noun;;;;
celebrity ;ünlü, meþhur;A2 ;noun;;;;
cell ; (oda) hücre;B2 ;noun;;;;
cemetery ;mezarlýk, kabristan;C1 ;noun;;;;
cent ;Amerikan dolarýnýn yüzde biri, sent;A1 ;noun;;;;
central ;"ana, esas
orta, merkezi";B1 ;adjective;;;;
centre ;"orta, merkez
odak";A1 ;noun;;;;
centre ;odaklanmak;B1 ;verb;;;;
century ;yüzyýl, asýr;A1 ;noun;;;;
ceremony ;tören;B1 ;noun;;;;
certain ;"belli, besbelli; kaçýnýlmaz";A2 ;adjective;;;;
certainly ;"kesinlikle; kuþkusuz";A2 ;adverb;;;;
certainty ;kesinlik;B2 ;noun;;;;
certificate ;sertifika, belge;B2 ;noun;;;;
chain ;"zincir, halka
(maðaza, dükkan vb.) zincir";B1 ;noun;;;;
chain ;zincirlemek;B2 ;verb;;;;
chair ;"sandalye, koltuk
baþkan";A1 ;noun;;;;
chair ;yönetmek, baþkanlýk etmek;B2 ;verb;;;;
chairman ;oturum baþkaný;B2 ;noun;;;;
challenge ;"zorlu durum
meydan okuma";B1 ;noun;;;;
challenge ;"sorgulamak
meydan okumak";B2 ;verb;;;;
challenging ;zorlu;B2 ;adjective;;;;
chamber ;"kurul, oda; toplantý odasý
hücre, oda";C1 ;noun;;;;
champion ;þampiyon;B1 ;noun;;;;
championship ;þampiyonluk, þampiyona;B2 ;noun;;;;
chance ;"þans, olasýlýk
risk";A2 ;noun;;;;
change ;"deðiþiklik, deðiþim
para üstü, bozukluk";A1 ;noun;;;;
change ;"deðiþmek; deðiþtirmek
deðiþ tokuþ yapmak";A1 ;verb;;;;
channel ;" (televizyon) kanal
yol, kanal";B1 ;noun;;;;
chaos ;kargaþa, keþmekeþ, kaos;C1 ;noun;;;;
chapter ; (kitap) bölüm, kýsým;B1 ;noun;;;;
character ;"karakter, nitelik, huy; yapý
karakter, tip";A2 ;noun;;;;
characteristic ;özellik, özgün nitelik;B2 ;adjective;;;;
characteristic ;özellik, ayýrt edici nitelik;B2 ;noun;;;;
characterize ;"özgü olmak, ayýrt edici özelliði olmak, damgasýný vurmak
tanýmlamak, nitelendirmek";C1 ;verb;;;;
charge ;"ücret, bedel
suçlama, itham";B1 ;noun;;;;
charge ;"ücret almak, para almak
suçlamak, itham etmek";B1 ;verb;;;;
charity ;"hayýr kurumu, hayýr iþi
hayýrseverlik";A2 ;noun;;;;
charm ;"cazibe, büyü
týlsým, uður";C1 ;noun;;;;
charming ;büyüleyici, sevimli;B2 ;adjective;;;;
chart ;çizelge, tablo;A1 ;noun;;;;
chart ;"dökümünü vermek; yakýndan izlemek";B2 ;verb;;;;
charter ;yönetmelik, tüzük;C1 ;noun;;;;
chase ;kovalama, takip;B2 ;noun;;;;
chase ;kovalamak, peþinden gitmek;B2 ;verb;;;;
chat ;sohbet, çene çalma;A2 ;noun;;;;
chat ;sohbet etmek, çene çalmak;A2 ;verb;;;;
cheap ;ucuz;A1 ;adjective;;;;
cheap ;ucuza;B1 ;adverb;;;;
cheat ;hilebaz, dolandýrýcý, düzenbaz;B1 ;noun;;;;
cheat ;"aldatmak, kandýrmak
kopya çekmek, hile yapmak";B1 ;verb;;;;
check ;"kontrol etmek
(otel, havaalaný) giriþ yapmak";A1 ;verb;;;;
check ;kontrol;A2 ;noun;;;;
cheek ;yanak;B2 ;noun;;;;
cheer ;tezahürat;B2 ;noun;;;;
cheer ;"tezahürat yapmak
neþelendirmek, keyiflendirmek";B2 ;verb;;;;
cheerful ;neþeli, keyifli;B1 ;adjective;;;;
cheese ;peynir;A1 ;noun;;;;
chef ;aþçýbaþý;A2 ;noun;;;;
chemical ;kimyasal, kimya ile ilgili;B1 ;adjective;;;;
chemical ;kimyasal madde;B1 ;noun;;;;
chemistry ;kimya bilimi;A2 ;noun;;;;
chest ;gögüs;B1 ;noun;;;;
chicken ;tavuk;A1 ;noun;;;;
chief ;"ana, temel
(kademe, pozisyon vb.) baþ";B2 ;adjective;;;;
chief ;"baþkan, þef
lider, reis";B2 ;noun;;;;
child ;çocuk;A1 ;noun;;;;
childhood ;çocukluk;B1 ;noun;;;;
chip ;"kýrýk, çentik
kýzarmýþ patates";A2 ;noun;;;;
chocolate ;" (yiyecek, tatlandýrýcý) kakao
çikolata";A1 ;noun;;;;
choice ;"seçim, tercih
seçenek, seçme hakký/þansý";A2 ;noun;;;;
choir ;koro;B2 ;noun;;;;
choose ;seçmek, tercih yapmak;A1 ;verb;;;;
chop ;parçalamak, doðramak;B2 ;verb;;;;
chronic ; (hastalýk, sorun) müzmin, süreðen, kronik;C1 ;adjective;;;;
chunk ;iri parça;C1 ;noun;;;;
church ;kilise;A2 ;noun;;;;
cigarette ;sigara;A2 ;noun;;;;
cinema ; (bina) sinema;A1 ;noun;;;;
circle ;daire;A2 ;noun;;;;
circle ;"daireler çizmek
daire içine almak";A2 ;verb;;;;
circuit ;tur;B2 ;noun;;;;
circulate ;"dolaþmak; dolaþtýrmak";C1 ;verb;;;;
circulation ;kan dolaþýmý;C1 ;noun;;;;
circumstance ;"durum; koþul";B2 ;noun;;;;
cite ;"aktarmak; alýntýlamak";B2 ;verb;;;;
citizen ;vatandaþ;B2 ;noun;;;;
citizenship ;vatandaþlýk;C1 ;noun;;;;
city ;þehir, kent;A1 ;noun;;;;
civic ;"þehre ait; kentle ilgili";C1 ;adjective;;;;
civil ;"toplumsal, ulusal
sivil, resmi";B2 ;adjective;;;;
civilian ;sivil;C1 ;noun;;;;
civilization ;"uygarlýk; uygarlaþma
medeniyet";B2 ;noun;;;;
claim ;"iddia
talep";B1 ;noun;;;;
claim ;iddia etmek, ileri sürmek;B1 ;verb;;;;
clarify ;aydýnlatmak, açýklýða kavuþturmak;B2 ;verb;;;;
clarity ;açýklýk, anlaþýlýrlýk;C1 ;noun;;;;
clash ;çatýþma;C1 ;noun;;;;
class ;" (okul) sýnýf
(sosyal) sýnýf, tabaka";A1 ;noun;;;;
classic ; (kitap, oyun vb.) klasik;B2 ;adjective;;;;
classic ; (kitap, oyun vb.) klasik;B2 ;noun;;;;
classical ;klasik;A2 ;adjective;;;;
classification ;sýnýflandýrma;C1 ;noun;;;;
classify ;gruplandýrmak, sýnýflandýrmak;B2 ;verb;;;;
classroom ;sýnýf;A1 ;noun;;;;
clause ;" (gramer) cümlecik
madde, hüküm";B1 ;noun;;;;
clean ;temiz;A1 ;adjective;;;;
clean ;"temizlemek; temizlik yapmak";A1 ;verb;;;;
clear ;"belirgin; açýk
emin";A2 ;adjective;;;;
clear ;temizlemek, kaldýrmak;B1 ;verb;;;;
clearly ;net olarak, doðru dürüst;A2 ;adverb;;;;
clerk ;memur, kâtip;B2 ;noun;;;;
clever ;"zeki, akýllý; becerikli
marifetli";A2 ;adjective;;;;
click ;"týk sesi, çýt sesi; týkýrtý
týklama (pc)";B1 ;noun;;;;
click ;"çýt ettirmek, þýklatmak; týkýrdamak, çýt etmek, þýklamak
yerli yerine oturmak";B1 ;verb;;;;
client ;"müþteri; müvekkil ";B1 ;noun;;;;
cliff ; (deniz kýyýsý) sarp kayalýk;B2 ;noun;;;;
climate ;"iklim
hava, ortam";A2 ;noun;;;;
climb ;týrmanmak, çýkmak;A1 ;verb;;;;
climb ;"týrmanma; týrmanýþ";B1 ;noun;;;;
cling ;sarýlmak, asýlmak;C1 ;verb;;;;
clinic ;klinik;B2 ;noun;;;;
clinical ;klinik;C1 ;adjective;;;;
clip ;"toka, klips
kýrpma, kesme";B2 ;noun;;;;
clock ; (duvar, masa) saat;A1 ;noun;;;;
close ;"kapanmak, kapatýlmak; kapatmak, kapamak";A1 ;verb;;;;
close ;yanýnda, yakýnýnda, yakýn;A2 ;adjective;;;;
close ;"yanýnda, yakýnýnda, yakýn
yakýn, samimi";B1 ;adverb;;;;
close ;"kapanýþ; son";B2 ;noun;;;;
closed ;kapalý;A2 ;adjective;;;;
closely ;yakýndan, dikkatle;B2 ;adverb;;;;
closure ;kapanma, kapatýlma;C1 ;noun;;;;
cloth ;kumaþ;B1 ;noun;;;;
clothes ;giyecekler;A1 ;noun;;;;
clothing ;giyecek;A2 ;noun;;;;
cloud ;bulut;A2 ;noun;;;;
club ;"kulüp
kalýn sopa, tokmak";A1 ;noun;;;;
clue ;ipucu;B1 ;noun;;;;
cluster ;"grup; küme; salkým";C1 ;noun;;;;
coach ;antrenör, hoca;A2 ;noun;;;;
coach ;çalýþtýrmak, yetiþtirmek;B1 ;verb;;;;
coal ;kömür;B1 ;noun;;;;
coalition ;koalisyon;C1 ;noun;;;;
coast ;kýyý, sahil;A2 ;noun;;;;
coastal ;kýyý;C1 ;adjective;;;;
coat ;"palto; manto
post, kürk, tüy";A1 ;noun;;;;
cocktail ;kokteyl;C1 ;noun;;;;
code ;þifre, kod;A2 ;noun;;;;
coffee ; (bitki) kahve;A1 ;noun;;;;
coin ;madeni para, bozukluk;B1 ;noun;;;;
coincide ;ayný zamana rastlamak, çakýþmak;C1 ;verb;;;;
coincidence ;rastlantý, tesadüf;B2 ;noun;;;;
cold ; (hava, su vb.) soðuk;A1 ;adjective;;;;
cold ;"soðuk (hava)
üþütmek, soðuk algýnlýðý";A1 ;noun;;;;
collaborate ;birlikte çalýþmak;C1 ;verb;;;;
collaboration ;"birlikte çalýþma, iþbirliði; iþbirlikçilik, düþmanla bir olma";C1 ;noun;;;;
collapse ;çöküþ, çöküntü;B2 ;noun;;;;
collapse ;"çökmek, göçmek
yere yýðýlmak, fenalaþmak";B2 ;verb;;;;
colleague ;"meslektaþ; mesai arkadaþý";A2 ;noun;;;;
collect ;toplamak;A2 ;verb;;;;
collection ;koleksiyon;B1 ;noun;;;;
collective ;toplu, ortak;C1 ;adjective;;;;
collector ;"koleksiyoncu; toplayýcý, tahsildar";B2 ;noun;;;;
college ;"yüksek okul
üniversite, fakülte";A1 ;noun;;;;
collision ;çarpýþma;C1 ;noun;;;;
colonial ;"sömürgeyle ilgili; sömürgeci";C1 ;adjective;;;;
colony ;"sömürge
koloni";B2 ;noun;;;;
colour ;renk;A1 ;noun;;;;
coloured ;renkli;B1 ;adjective;;;;
colourful ;rengârenk;B2 ;adjective;;;;
column ;sütun;A2 ;noun;;;;
columnist ;köþe yazarý;C1 ;noun;;;;
combat ;" (savaþ) muharebe; çarpýþma";C1 ;noun;;;;
combat ;savaþmak, mücadele etmek;C1 ;verb;;;;
combination ;"bileþim; karýþým";B2 ;noun;;;;
combine ;"birleþmek; birleþtirmek ";B1 ;verb;;;;
come ;gelmek;A1 ;verb;;;;
comedy ;komedi, güldürü;A2 ;noun;;;;
comfort ;"rahat, huzur, konfor
teselli, avutma";B2 ;noun;;;;
comfort ;teselli etmek, avutmak, rahatlatmak;B2 ;verb;;;;
comfortable ;rahat, konforlu;A2 ;adjective;;;;
comic ;komik, gülünç;B2 ;adjective;;;;
comic ;çizgi roman;B2 ;noun;;;;
command ;emir, buyruk, komut;B2 ;noun;;;;
command ;emretmek, buyurmak;B2 ;verb;;;;
commander ;komutan, kumandan;B2 ;noun;;;;
commence ;baþlamak;C1 ;verb;;;;
comment ;yorum, açýklama;A2 ;noun;;;;
comment ;yorum yapmak, fikrini söylemek, görüþ belirtmek;B1 ;verb;;;;
commentary ;"naklen anlatým, naklen yayýn
yorum";C1 ;noun;;;;
commentator ;"yorumcu
spiker";C1 ;noun;;;;
commerce ;ticaret, tecim;C1 ;noun;;;;
commercial ;ticari;B1 ;adjective;;;;
commercial ; (radyo, televizyon) reklam;B1 ;noun;;;;
commission ;komisyon, komite, heyet;B2 ;noun;;;;
commission ;görevlendirmek, iþ(ini) vermek;B2 ;verb;;;;
commissioner ;komiser, komisyon üyesi, murahhas üye;C1 ;noun;;;;
commit ; (suç, yasa dýþý iþ vb.) iþlemek, yapmak, etmek;B1 ;verb;;;;
commitment ;"yükümlükük, sorumluluk, taahhüt
baðlýlýk, sadakat";B2 ;noun;;;;
committee ;komisyon, komite, heyet;B2 ;noun;;;;
commodity ;mal, meta;C1 ;noun;;;;
common ;"olaðan, yaygýn, genel, bilinen
sýradan, sade";A1 ;adjective;;;;
commonly ;genellikle, çoðunlukla, yaygýn olarak;B2 ;adverb;;;;
communicate ;"iletiþim kurmak; iletmek";A2 ;verb;;;;
communication ;iletiþim, haberleþme;B1 ;noun;;;;
communist ;komünist;C1 ;adjective;;;;
community ;topluluk, toplum;A2 ;noun;;;;
companion ;arkadaþ, ahbap;C1 ;noun;;;;
company ;"þirket, ortaklýk
ahbaplýk, dostluk";A1 ;noun;;;;
comparable ;"benzer; karþýlaþtýrýlabilir";C1 ;adjective;;;;
comparative ;karþýlaþtýrmalý, mukayeseli;B2 ;adjective;;;;
compare ;karþýlaþtýrmak, kýyaslamak;A1 ;verb;;;;
comparison ;karþýlaþtýrma, mukayese;B1 ;noun;;;;
compassion ;þefkat, merhamet;C1 ;noun;;;;
compel ;zorlamak, mecbur etmek;C1 ;verb;;;;
compelling ;zorlayan, inandýrýcý;C1 ;adjective;;;;
compensate ;telafi etmek, dengelemek;C1 ;verb;;;;
compensation ;tazminat, bedel;C1 ;noun;;;;
compete ;"yarýþmak; rekabet etmek";A2 ;verb;;;;
competence ;yetenek, maharet;C1 ;noun;;;;
competent ;"yetenekli, ehil
yeterli";C1 ;adjective;;;;
competition ;"rekabet, çekiþme
yarýþma";A2 ;noun;;;;
competitive ;yarýþmalý, çekiþmeli, rekabete dayalý;B1 ;adjective;;;;
competitor ;"yarýþmacý; rakip";B1 ;noun;;;;
compile ;derlemek;C1 ;verb;;;;
complain ;þikâyet etmek, yakýnmak;A2 ;verb;;;;
complaint ;þikâyet, yakýnma;B1 ;noun;;;;
complement ;birbirini tamamlamak, birbirine yakýþmak;C1 ;verb;;;;
complete ;"bütünüyle, tamamen
bitmiþ, tamamlanmýþ";A1 ;adjective;;;;
complete ;bitirmek, tamamlamak;A1 ;verb;;;;
completely ;tamamen, tamamýyla;A2 ;adverb;;;;
completion ;"tamamlama; tamamlanma";B2 ;noun;;;;
complex ;karmaþýk;B1 ;adjective;;;;
complex ;"site, tesis
(psikoloji) kompleks";B2 ;noun;;;;
complexity ;karmaþýklýk;C1 ;noun;;;;
compliance ;uyum;C1 ;noun;;;;
complicated ;anlaþýlmasý güç, karmaþýk;B2 ;adjective;;;;
complication ;engel, sorun;C1 ;noun;;;;
comply ;uymak, riayet etmek;C1 ;verb;;;;
component ; (makina) parça, kýsým;B2 ;noun;;;;
compose ;"oluþturmak, meydana getirmek
(müzik) bestelemek";B2 ;verb;;;;
composer ;besteci, bestekâr;B2 ;noun;;;;
composition ;"bileþim, terkip
beste";C1 ;noun;;;;
compound ;bileþim, alaþým;B2 ;noun;;;;
comprehensive ;kapsamlý, etraflý, geniþ;B2 ;adjective;;;;
comprise ;-den oluþmak, içermek;B2 ;verb;;;;
compromise ;uzlaþma, taviz, ödün;C1 ;noun;;;;
compromise ;"uzlaþmak, ödün vermek
tehlikeye atmak";C1 ;verb;;;;
compulsory ;zorunlu;B2 ;adjective;;;;
compute ;hesaplamak;C1 ;verb;;;;
computer ;bilgisayar;A1 ;noun;;;;
conceal ;gizlemek, saklamak;C1 ;verb;;;;
concede ;"kabul etmek, kabullenmek
teslim etmek, býrakmak";C1 ;verb;;;;
conceive ;tasarlamak, aklýna gelmek;C1 ;verb;;;;
concentrate ;"yoðunlaþmak; yoðunlaþtýrmak";B1 ;verb;;;;
concentration ;dikkatini toplama, konsantrasyon;B2 ;noun;;;;
concept ;kavram, fikir, anlayýþ;B2 ;noun;;;;
conception ;fikir oluþturma;C1 ;noun;;;;
concern ;"kaygý
ilgi, önem";B2 ;noun;;;;
concern ;ilgilendirmek;B2 ;verb;;;;
concerned ;kaygýlý, tedirgin;B2 ;adjective;;;;
concert ;konser;A1 ;noun;;;;
concession ;ödün, taviz;C1 ;noun;;;;
conclude ;sonucuna varmak, sonuç çýkarmak;B1 ;verb;;;;
conclusion ;"sonuç, karar
anlaþma";B1 ;noun;;;;
concrete ;somut, elle tutulur;B2 ;adjective;;;;
concrete ;beton;B2 ;noun;;;;
condemn ;"kýnamak, lanetlemek
mahkum etmek";C1 ;verb;;;;
condition ;"durum, hal
rahatsýzlýk";A2 ;noun;;;;
conduct ;davranýþ;B2 ;noun;;;;
conduct ;idare etmek, yürütmek;B2 ;verb;;;;
confer ; (fikir vb.) danýþmak;C1 ;verb;;;;
conference ;kongre, müzakere, toplantý;A2 ;noun;;;;
confess ;itiraf etmek;B2 ;verb;;;;
confession ;"itiraf
günah çýkarmak";C1 ;noun;;;;
confidence ;"inanç, güven
özgüven";B2 ;noun;;;;
confident ;emin, kendinden emin;B1 ;adjective;;;;
configuration ;yapýlandýrma, düzenleme;C1 ;noun;;;;
confine ;sýnýrlarý içinde kalmak, … ile sýnýrlamak;C1 ;verb;;;;
confirm ;doðrulamak, onaylamak;B1 ;verb;;;;
confirmation ;"onay; kiliseye kabul töreni";C1 ;noun;;;;
conflict ;"anlaþmazlýk, çekiþme, çarpýþma
çeliþki, çatýþma";B2 ;noun;;;;
conflict ;çeliþmek, çeliþkili olmak;B2 ;verb;;;;
confront ;karþýlaþmak, yüz yüze gelmek, yüzüne vurmak;C1 ;verb;;;;
confrontation ;çatýþma, sürtüþme;C1 ;noun;;;;
confuse ;aklýný karýþtýrmak, þaþýrtmak;B1 ;verb;;;;
confused ;þaþkýn, aklý karýþýk;B1 ;adjective;;;;
confusing ;anlaþýlmasý güç, akýl karýþtýrýcý;B2 ;adjective;;;;
confusion ;"þaþkýnlýk, karýþýklýk
karýþýklýk, yanýlgý";B2 ;noun;;;;
congratulate ;tebrik etmek, kutlamak;C1 ;verb;;;;
congregation ;cemaat;C1 ;noun;;;;
congressional ;"kongreye ait, meclise ait; Amerikan Kongre'sine ait";C1 ;adjective;;;;
connect ;"baðlanmak, birleþmek; baðlamak, birleþtirmek";A2 ;verb;;;;
connection ;baðlantý;B1 ;noun;;;;
conquer ;fethetmek, zaptetmek;C1 ;verb;;;;
conscience ;vicdan;C1 ;noun;;;;
conscious ;"farkýnda, bilincinde
bilinçli";B2 ;adjective;;;;
consciousness ;kendinde olma, bilinci yerinde olma;C1 ;noun;;;;
consecutive ;"birbirini takip eden; ardýþýk";C1 ;adjective;;;;
consensus ;fikir birliði, mutabakat, uyuþma;C1 ;noun;;;;
consent ;"rýza; müsaade";C1 ;noun;;;;
consent ;"razý olmak, müsaade etmek; rýza göstermek";C1 ;verb;;;;
consequence ;sonuç;B1 ;noun;;;;
consequently ;sonuç olarak, bu nedenle;B2 ;adverb;;;;
conservation ;doðayý koruma;B2 ;noun;;;;
conservative ; (Britanya) Muhafazakâr Parti'ye ait;B2 ;adjective;;;;
conservative ;tutucu, muhafazakâr;B2 ;noun;;;;
conserve ;idareli kullanmak, korumak, muhafaza etmek;C1 ;verb;;;;
consider ;düþünmek, düþünüp taþýnmak;A2 ;verb;;;;
considerable ;epeyce, çok sayýda;B2 ;adjective;;;;
considerably ;epeyce, oldukça, bir hayli;B2 ;adverb;;;;
consideration ;"üzerinde düþünme, düþünüp taþýnma
husus, nokta";B2 ;noun;;;;
consist ;kapsamak, içermek;B1 ;verb;;;;
consistency ;tutarlýlýk;C1 ;noun;;;;
consistent ;tutarlý;B2 ;adjective;;;;
consistently ;"devamlý olarak; tutarlý bir biçimde";B2 ;adverb;;;;
consolidate ;"saðlamlaþmak, pekiþmek; saðlamlaþtýrmak, pekiþtirmek";C1 ;verb;;;;
conspiracy ;komplo, kumpas, suikast (giriþimi);B2 ;noun;;;;
constant ;"devamlý, sürekli
deðiþmez, sabit";B2 ;adjective;;;;
constantly ;hep, durmadan;B2 ;adverb;;;;
constituency ;seçim bölgesi;C1 ;noun;;;;
constitute ;meydana getirmek, oluþturmak;C1 ;verb;;;;
constitution ;"anayasa
yapý, oluþum";C1 ;noun;;;;
constitutional ;anayasal, meþruti;C1 ;adjective;;;;
constraint ;kýsýtlama, tahdit;C1 ;noun;;;;
construct ;inþa etmek, yapmak;B2 ;verb;;;;
construction ;"inþaat
yapý";B2 ;noun;;;;
consult ;danýþmak, baþvurmak;B2 ;verb;;;;
consultant ;danýþman, müþavir;B2 ;noun;;;;
consultation ;görüþme, müzakere;C1 ;noun;;;;
consume ;"tüketmek
yemek, içmek";B1 ;verb;;;;
consumer ;tüketici;B1 ;noun;;;;
consumption ;tüketim;B2 ;noun;;;;
contact ;temas, baðlantý, görüþme;B1 ;noun;;;;
contact ;iliþki kurmak, görüþmek, baðlantý kurmak;B1 ;verb;;;;
contain ;içine almak, ihtiva etmek;A2 ;verb;;;;
container ;" (kutu, þiþe, paket vb.) kap
sandýk, varil";B1 ;noun;;;;
contemplate ;düþünmek, tasarlamak;C1 ;verb;;;;
contemporary ;çaðdaþ;B2 ;adjective;;;;
contempt ;küçük görme, hor görme;C1 ;noun;;;;
contend ;"iddia etmek, ileri sürmek
çekiþmek";C1 ;verb;;;;
contender ;yarýþmacý;C1 ;noun;;;;
content ;içindekiler, içerik;B1 ;noun;;;;
content ;hoþnut, memnun;C1 ;adjective;;;;
contention ;münakaþa, çekiþme;C1 ;noun;;;;
contest ;yarýþma;B2 ;noun;;;;
contest ;yarýþmaya katýlmak, yarýþmak;B2 ;verb;;;;
context ;ortam, koþullar, baðlam;A2 ;noun;;;;
continent ;kýta, anakara;A2 ;noun;;;;
continually ;sürekli olarak;C1 ;adverb;;;;
continue ;devam etmek, sürmek;A2 ;verb;;;;
continuous ;devamlý, sürekli, aralýksýz;B1 ;adjective;;;;
contract ;sözleþme;B2 ;noun;;;;
contract ;"çekmek, kýsalmak; çektirmek, kýsaltmak
sözleþme yapmak";B2 ;verb;;;;
contractor ;müteahhit;C1 ;noun;;;;
contradiction ;çeliþki, aykýrýlýk;C1 ;noun;;;;
contrary ;aksi, zýt;C1 ;adjective;;;;
contrary ;bilakis, tam tersi;C1 ;noun;;;;
contrast ;"karþýlaþtýrma, kýyaslama
tezat, zýtlýk";B1 ;noun;;;;
contrast ;farklýlýklarý göstermek, birbiriyle karþýlaþtýrmak;B1 ;verb;;;;
contribute ;"katkýda bulunmak; katmak";B2 ;verb;;;;
contribution ;katký, yardým, baðýþ;B2 ;noun;;;;
contributor ;katkýda bulunan;C1 ;noun;;;;
control ;"kontrol, hakimiyet
denetleme";A2 ;noun;;;;
control ;kontrol etmek, hâkim olmak;A2 ;verb;;;;
controversial ;tartýþmalý, tartýþmaya açýk;B2 ;adjective;;;;
controversy ;tartýþma, münakaþa;B2 ;noun;;;;
convenience ;"kolaylýk, rahatlýk
konfor";B2 ;noun;;;;
convenient ;uygun, müsait;B1 ;adjective;;;;
convention ;gelenek, görenek, âdet;B2 ;noun;;;;
conventional ;geleneksel, alýþýlagelmiþ, sýradan;B2 ;adjective;;;;
conversation ;sohbet, konuþma;A1 ;noun;;;;
conversion ;deðiþim, dönüþüm;C1 ;noun;;;;
convert ;"deðiþmek, dönüþmek; deðiþtirmek, dönüþtürmek";B2 ;verb;;;;
convey ;"taþýmak, iletmek
nakletmek";B2 ;verb;;;;
convict ;suçlu bulmak, mahkûm etmek;C1 ;verb;;;;
conviction ;"mahkûmiyet, sabýka
inanç, kanaat";C1 ;noun;;;;
convince ;inandýrmak, ikna etmek;B1 ;verb;;;;
convinced ;emin;B2 ;adjective;;;;
convincing ;inandýrýcý, ikna edici;B2 ;adjective;;;;
cook ;(yemek) piþirmek;A1 ;verb;;;;
cook ;aþçý;A2 ;noun;;;;
cooker ; (mutfak) üstü ocaklý fýrýn;A2 ;noun;;;;
cooking ;yemek piþirme;A1 ;noun;;;;
cool ;"serin
sakin, soðukkanlý";A1 ;adjective;;;;
cool ;"soðumak, serinlemek; soðutmak, serinletmek
sakinleþmek";B1 ;verb;;;;
cooperate ;iþbirliði yapmak, birlikte çalýþmak;C1 ;verb;;;;
cooperative ;iþbirliðine dayanan;C1 ;adjective;;;;
coordinate ;düzenlemek, koordine etmek;C1 ;verb;;;;
coordination ;düzenleme, eþgüdüm, koordinasyon;C1 ;noun;;;;
coordinator ;düzenleyici, koordinatör;C1 ;noun;;;;
cop ;polis, aynasýz;C1 ;noun;;;;
cope ;baþa çýkmak, altýndan kalkmak, baþarmak;B2 ;verb;;;;
copper ;bakýr;C1 ;noun;;;;
copy ;"kopya, suret
nüsha";A2 ;noun;;;;
copy ;"kopyasýný yapmak, çoðaltmak
taklit etmek";A2 ;verb;;;;
copyright ;telif hakký;C1 ;noun;;;;
core ;" (meyve) orta, göbek
merkez";B2 ;noun;;;;
corner ;köþe, köþebaþý;A2 ;noun;;;;
corporate ;ortak, toplu;B2 ;adjective;;;;
corporation ;þirket;B2 ;noun;;;;
correct ;doðru;A1 ;adjective;;;;
correct ;düzeltmek;A1 ;verb;;;;
correction ;düzeltme;C1 ;noun;;;;
correctly ;doðru olarak;A2 ;adverb;;;;
correlate ;"iliþkisi olmak, baðlantýsý olmak; iliþkisini göstermek, baðlantý kurmak";C1 ;verb;;;;
correlation ;karþýlýklý iliþki, baðlantý;C1 ;Noun;;;;
correspond ;"uymak, ayný olmak; karþýlýðý olmak, tekabül etmek
mektuplaþmak, yazýþmak";C1 ;verb;;;;
correspondence ;"mektuplaþma, yazýþma
uygunluk";C1 ;noun;;;;
correspondent ;muhabir;C1 ;noun;;;;
corresponding ;tekabül eden, benzeri;C1 ;adjective;;;;
corridor ;koridor;B2 ;noun;;;;
corrupt ;"namussuz, ahlaksýz
bozuk";C1 ;adjective;;;;
corruption ;ahlaki çürüme, kokuþma;C1 ;noun;;;;
cost ;"fiyat, maliyet
bedel";A1 ;noun;;;;
cost ;mal olmak, tutmak, (para) etmek;A1 ;verb;;;;
costly ;masraflý, pahalý;C1 ;adjective;;;;
costume ;"kýyafet
kostüm";B1 ;noun;;;;
cottage ;kýr evi, yazlýk ev;B1 ;noun;;;;
cotton ;pamuk;B1 ;noun;;;;
could ;"*-abilirdi / -ebilirdi 
 I could run (koþabilirdim) three miles without stopping when I was younger.";A1 ;modal verb;;;;
council ;"meclis, divan, encümen
kurul";B2 ;noun;;;;
councillor ;kurul üyesi;C1 ;noun;;;;
counselling ;danýþmanlýk hizmeti;C1 ;noun;;;;
counsellor ;danýþman, müþavir;C1 ;noun;;;;
count ;saymak;A2 ;verb;;;;
count ;sayým, hesap, toplam;B1 ;noun;;;;
counter ;tezgâh;B2 ;noun;;;;
counter ;"karþýlýk vermek, karþý çýkmak
önlemek, azaltmak";C1 ;verb;;;;
counterpart ;benzer görevdeki kiþi, emsal;C1 ;noun;;;;
countless ;sayýsýz, pek çok;C1 ;adjective;;;;
country ;ülke, memleket;A1 ;noun;;;;
countryside ;kýrlýk alan;B1 ;noun;;;;
county ; (Britanya, Ýrlanda, ABD) yerel yönetim bölgesi;B2 ;noun;;;;
coup ;hükümet darbesi;C1 ;noun;;;;
couple ;çift;A2 ;noun;;;;
courage ;yüreklilik, cesaret;B2 ;noun;;;;
course ;"kurs; (üniversite) ders
yön, rota";A1 ;noun;;;;
court ;"mahkeme
(spor) kort";B1 ;noun;;;;
courtesy ;"kibarlýk; nezaket";C1 ;noun;;;;
cousin ;amca/dayý/hala/teyze çocuðu, kuzen;A1 ;noun;;;;
cover ;"örtmek; kapamak; kaplamak
örtbas etmek";A2 ;verb;;;;
cover ;"örtü, kýlýf
sýðýnak, siper";B1 ;noun;;;;
coverage ;" (basýn-yayýn) yer verme, ele alma
kapsam";B2 ;noun;;;;
covered ;ile kaplý;B1 ;adjective;;;;
cow ;inek;A1 ;noun;;;;
crack ;çatlak;B2 ;noun;;;;
crack ;"çatlamak; çatlatmak";B2 ;verb;;;;
craft ;"el sanatý, zanaat
sanat, hüner";B2 ;noun;;;;
crash ;çarpýþma, kaza;B2 ;noun;;;;
crash ;"çarpmak, kaza yapmak; çarptýrmak, kaza yaptýrmak";B2 ;verb;;;;
crawl ;"sürünerek ilerlemek; emeklemek";C1 ;verb;;;;
crazy ;delice, çýlgýn;A2 ;adjective;;;;
cream ;kaymak, krema;A1 ;noun;;;;
cream ;krem rengi;B1 ;adjective;;;;
create ;yaratmak, oluþturmak;A1 ;verb;;;;
creation ;"yaratma, meydana getirme
buluþ, icat";B2 ;noun;;;;
creative ;yaratýcý;A2 ;adjective;;;;
creativity ;yaratýcýlýk;B2 ;noun;;;;
creator ;yaratýcý;C1 ;noun;;;;
creature ; (bitki dýþýnda) yaratýk;B2 ;noun;;;;
credibility ;inanýlýrlýk, güvenilirlik, kredi, itibar;C1 ;noun;;;;
credible ;inanýlýr, inandýrýcý;C1 ;adjective;;;;
credit ;"kredi, taksit
övgü, takdir";A2 ;noun;;;;
credit ;hesaba geçirmek;B2 ;verb;;;;
creep ;"sürünmek, sürünerek ilerlemek, sessizce sokulmak
tüylerini ürpertmek";C1 ;verb;;;;
crew ;"mürettebat, tayfa
ekip, kadro";B2 ;noun;;;;
crime ;suç;A2 ;noun;;;;
criminal ;suçlu;A2 ;noun;;;;
criminal ;"suç, suça ait; ceza, ceza gerektiren";B1 ;adjective;;;;
crisis ;bunalým, kriz;B2 ;noun;;;;
criterion ;ölçüt, kriter;B2 ;noun;;;;
critic ; (kitap, film vb.) eleþtirmen;B2 ;noun;;;;
critical ;"eleþtirici, muhalif
can alýcý, kritik";B2 ;adjective;;;;
critically ;aðýr, ciddi;B2 ;adverb;;;;
criticism ;eleþtiri;B2 ;noun;;;;
criticize ;eleþtirmek, tenkit etmek;B2 ;verb;;;;
critique ;eleþtiri yazýsý;C1 ;noun;;;;
crop ;ürün;B2 ;noun;;;;
cross ;"çarpý iþareti 
haç, çarmýh";A2 ;noun;;;;
cross ;karþýdan karþýya geçmek, geçmek;A2 ;verb;;;;
crowd ;kalabalýk;A2 ;noun;;;;
crowded ; (insan) týklým týklým, kalabalýk;A2 ;adjective;;;;
crown ;"taç
krallýk, kraliyet";C1 ;noun;;;;
crucial ;çok önemli, kritik;B2 ;adjective;;;;
crude ;"basit; kaba, kaba saba";C1 ;adjective;;;;
cruel ;acýmasýz, zalim;B1 ;adjective;;;;
cruise ;gemi yolculuðu;B2 ;noun;;;;
cruise ; (gemi, yat vb.) deniz yolculuðu yapmak;B2 ;verb;;;;
crush ;ezmek;C1 ;verb;;;;
cry ;aðlamak;A2 ;verb;;;;
cry ;"çýðlýk
aðlama";B2 ;noun;;;;
crystal ;kristal;C1 ;noun;;;;
cue ;"replik, baþlama iþareti
isteka";B2 ;noun;;;;
cult ;"moda, kült
tarikat";C1 ;noun;;;;
cultivate ; (toprak, arazi) sürmek, iþlemek;C1 ;verb;;;;
cultural ;kültürel, kültür;B1 ;adjective;;;;
culture ;kültür;A1 ;noun;;;;
cup ;"fincan
kap";A1 ;noun;;;;
cupboard ;dolap;A2 ;noun;;;;
cure ;tedavi, çare, derman;B2 ;noun;;;;
cure ;iyileþtirmek, tedavi etmek;B2 ;verb;;;;
curiosity ;merak;C1 ;noun;;;;
curious ;meraklý;B2 ;adjective;;;;
curly ;bukleli, kývýrcýk;A2 ;adjective;;;;
currency ;"para, döviz
geçerlilik";B1 ;noun;;;;
current ;"güncel
geçerli";B1 ;adjective;;;;
current ;"akým, akýntý; cereyan";B2 ;noun;;;;
currently ;þu anda, þimdi;B1 ;adverb;;;;
curriculum ;müfredat programý;B2 ;noun;;;;
curtain ;perde, örtü;B1 ;noun;;;;
curve ;eðri, kavis;B2 ;noun;;;;
curve ;"kývrýlmak, eðri çizmek; kývýrmak, eðrilmek";B2 ;verb;;;;
curved ;eðri, kývrýk;B2 ;adjective;;;;
custody ;"velâyet
gözaltý";C1 ;noun;;;;
custom ;gelenek, töre;B1 ;noun;;;;
customer ;müþteri;A1 ;noun;;;;
cut ;"kesmek, yaralamak
azaltmak";A1 ;verb;;;;
cut ;kesik, yarýk;B1 ;noun;;;;
cute ;sevimli, tatlý, þirin;B2 ;adjective;;;;
cutting ;kupür, kesik;C1 ;noun;;;;
cycle ;"bisiklet, motosiklet
devir, döngü";A2 ;noun;;;;
cycle ;bisiklete binmek, bisikletle gitmek;A2 ;verb;;;;
cynical ;kötümser, alaycý;C1 ;adjective;;;;
dad ;baba;A1 ;noun;;;;
daily ;günlük;A2 ;adjective;;;;
daily ;her gün;B1 ;adverb;;;;
dairy ;süt, sütten yapýlmýþ;B2 ;adjective;;;;
dairy ;mandýra;B2 ;noun;;;;
dam ;"baraj; set";C1 ;noun;;;;
damage ;zarar, hasar;B1 ;noun;;;;
damage ;"zarar vermek; hasar vermek";B1 ;verb;;;;
damaging ;zararlý;C1 ;adjective;;;;
dance ;dans;A1 ;noun;;;;
dance ;"dans etmek; … dansý yapmak";A1 ;verb;;;;
dancer ;dansçý;A1 ;noun;;;;
dancing ;dans;A1 ;noun;;;;
danger ;tehlike;A2 ;noun;;;;
dangerous ;tehlikeli;A1 ;adjective;;;;
dare ;cesaret etmek, cüret etmek;B2 ;verb;;;;
dark ;"karanlýk
esmer";A1 ;adjective;;;;
dark ;karanlýk;A2 ;noun;;;;
darkness ;karanlýk;B2 ;noun;;;;
data ;veri;A2 ;noun;;;;
database ;veri tabaný;B2 ;noun;;;;
date ;"tarih
randevu";A1 ;noun;;;;
date ;tarih atmak;B2 ;verb;;;;
daughter ;kýz evlat;A1 ;noun;;;;
dawn ;tan, þafak ;C1 ;noun;;;;
day ;gün;A1 ;noun;;;;
dead ;"ölü
bozuk";A2 ;adjective;;;;
deadline ;kapanýþ tarihi, mühlet;B2 ;noun;;;;
deadly ;öldürücü;B2 ;adjective;;;;
deal ; (iskambil) daðýtmak;A2 ;verb;;;;
deal ;" (iþ) anlaþma; pazarlýk";B1 ;noun;;;;
dealer ;"satýcý, tüccar
(iskambil) kaðýt daðýtan";B2 ;noun;;;;
dear ;"sevgili; deðerli";A1 ;adjective;;;;
dear ;"eyvah; aman Allah’ým";A2 ;exclamation;;;;
death ;ölüm;A2 ;noun;;;;
debate ;" (meclis vb.) görüþme, müzakere
tartýþma";B2 ;noun;;;;
debate ;tartýþmak, müzakere etmek;B2 ;verb;;;;
debris ;enkaz;C1 ;noun;;;;
debt ;borç;B2 ;noun;;;;
debut ;sahneye ilk çýkýþ;C1 ;noun;;;;
decade ;on yýl;B1 ;noun;;;;
December ;Aralýk;A1 ;noun;;;;
decent ;"doðru dürüst, tatmin edici
nezih, dürüst";B2 ;adjective;;;;
decide ;"karar vermek
belirlemek";A1 ;verb;;;;
decision ;"karar; hüküm";A2 ;noun;;;;
decisive ;"belirleyici
kararlý";C1 ;adjective;;;;
deck ; (otobüs, gemi) kat, güverte;B2 ;noun;;;;
declaration ;beyan, duyuru, ilan;C1 ;noun;;;;
declare ;"ilan etmek, beyan etmek; demek";B2 ;verb;;;;
decline ;"düþüþ; gerileme";B2 ;noun;;;;
decline ;"düþmek, azalmak, bozulmak
reddetmek, geri çevirmek";B2 ;verb;;;;
decorate ;"süslemek
dekore etmek";B1 ;verb;;;;
decoration ;"süs
dekorasyon";B2 ;noun;;;;
decrease ;azalma, düþme;B2 ;noun;;;;
decrease ;"azalmak; azaltmak; düþmek; düþürmek";B2 ;verb;;;;
dedicated ;kendini adamýþ, kendini vakfetmiþ;C1 ;adjective;;;;
dedication ;baðlýlýk, kendini vakfetme;C1 ;noun;;;;
deed ;eylem, iþ;C1 ;noun;;;;
deem ;saymak, addetmek;C1 ;verb;;;;
deep ;"derin
(ses) kalýn, tok";A2 ;adjective;;;;
deep ;derinliðine;B1 ;adverb;;;;
deeply ;"derin derin, derin; çok";B2 ;adverb;;;;
default ; (bilgisayar) varsayýlan deðer;C1 ;noun;;;;
defeat ;yenilgi;B2 ;noun;;;;
defeat ;yenmek;B2 ;verb;;;;
defect ;kusur, bozukluk;C1 ;noun;;;;
defence ;savunma;B2 ;noun;;;;
defend ;savunmak, korumak;B2 ;verb;;;;
defender ;müdafi, defans oyuncusu;B2 ;noun;;;;
defensive ;savunmaya yönelik;C1 ;adjective;;;;
deficiency ;yetersizlik, eksiklik;C1 ;noun;;;;
deficit ;hesap açýðý, açýk;C1 ;noun;;;;
define ;tanýmlamak;B1 ;verb;;;;
definite ;kesin;B1 ;adjective;;;;
definitely ;"kesinlikle; kuþkusuz";A2 ;adverb;;;;
definition ;taným;B1 ;noun;;;;
defy ;"karþý gelmek
imkansýzlaþtýrmak";C1 ;verb;;;;
degree ;" (açý) derece
diploma";A2 ;noun;;;;
delay ;gecikme;B2 ;noun;;;;
delay ;geciktirmek;B2 ;verb;;;;
delegate ;temsilci, delege;C1 ;noun;;;;
delegation ;heyet, delegasyon;C1 ;noun;;;;
delete ;silmek;B2 ;verb;;;;
deliberate ;kasýtlý;B2 ;adjective;;;;
deliberately ;kasýtlý olarak;B2 ;adverb;;;;
delicate ;ince, hassas, kýrýlgan;C1 ;adjective;;;;
delicious ;nefis, lezzetli;A1 ;adjective;;;;
delight ;keyif, sevinç;B2 ;noun;;;;
delight ;"sevindirmek, memnun etmek
zevk almak, keyif almak";B2 ;verb;;;;
delighted ;"sevinçli, memnun; heyecanlý";B2 ;adjective;;;;
deliver ;"teslim etmek, ulaþtýrmak
(konuþma, nutuk) sunmak, 
vermek";B1 ;verb;;;;
delivery ;"teslimat
daðýtým";B2 ;noun;;;;
demand ;talep, istek;B2 ;noun;;;;
demand ;"talep etmek; dayatmak";B2 ;verb;;;;
democracy ;demokrasi;B2 ;noun;;;;
democratic ;demokratik;B2 ;adjective;;;;
demon ;"cin; þeytan";C1 ;noun;;;;
demonstrate ;kanýtlamak, göstermek;B2 ;verb;;;;
demonstration ;"gösteri, miting
tatbikat";B2 ;noun;;;;
denial ;"inkâr, yalanlama
red";C1 ;noun;;;;
denounce ;"kýnamak; suçlamak";C1 ;verb;;;;
dense ;sýk, yoðun;C1 ;adjective;;;;
density ;sýklýk, yoðunluk;C1 ;noun;;;;
dentist ;diþçi, diþ hekimi;A2 ;noun;;;;
deny ;"inkâr etmek; reddetmek";B2 ;verb;;;;
depart ;kalkmak, hareket etmek;B2 ;verb;;;;
department ;"bölüm, departman
bakanlýk, daire";A2 ;noun;;;;
departure ;kalkýþ, hareket, ayrýlma;B1 ;noun;;;;
depend ;belli olmaz;A2 ;verb;;;;
dependence ;baðýmlýlýk;C1 ;noun;;;;
dependent ;baðýmlý;B2 ;adjective;;;;
depict ;tasvir etmek, resmetmek;C1 ;verb;;;;
deploy ; (asker, silah) konuþlandýrmak;C1 ;verb;;;;
deployment ;"konuþlandýrma; yararlanma";C1 ;noun;;;;
deposit ;"peþinat, kaparo
depozito";B2 ;noun;;;;
deposit ;" (eþya vb.) koymak
para yatýrmak";C1 ;verb;;;;
depressed ;bunalýmlý, caný sýkkýn;B2 ;adjective;;;;
depressing ;iç karartýcý, kasvet verici;B2 ;adjective;;;;
depression ;bunalým, depresyon;B2 ;noun;;;;
deprive ;yoksun býrakmak;C1 ;verb;;;;
depth ;derinlik;B2 ;noun;;;;
deputy ;muavin;C1 ;noun;;;;
derive ; (zevk vb.) almak, elde etmek;B2 ;verb;;;;
descend ;"inmek; alçalmak";C1 ;verb;;;;
descent ;"alçalma, iniþ
soy, köken";C1 ;noun;;;;
describe ;"anlatmak; tanýmlamak";A1 ;verb;;;;
description ;"betimleme, anlatma
tanýmlama";A1 ;noun;;;;
desert ;çöl;A2 ;noun;;;;
desert ;terk etmek;B2 ;verb;;;;
deserve ;"hak etmek; layýk olmak";B2 ;verb;;;;
design ;tasarým, model;A1 ;noun;;;;
design ;tasarýmlamak;A1 ;verb;;;;
designate ;"belirtmek; tahsis etmek
seçmek, atamak";C1 ;verb;;;;
designer ;tasarýmcý;A2 ;noun;;;;
desirable ;istenen, makbul;C1 ;adjective;;;;
desire ;istek, arzu;B2 ;noun;;;;
desire ;istemek, arzu etmek;B2 ;verb;;;;
desk ;"çalýþma masasý; sýra
masa";A1 ;noun;;;;
desktop ;"masaüstü
masaüstü bilgisayar";C1 ;noun;;;;
desperate ;" (çaresizlikten) þaþýrmýþ
mutsuz";B2 ;adjective;;;;
desperately ;"çok; ümitsizce";B2 ;adverb;;;;
despite ;raðmen, karþýn;B1 ;preposition;;;;
destination ;gideceði yer, varýlacak yer;B1 ;noun;;;;
destroy ;yýkmak, mahvetmek;A2 ;verb;;;;
destruction ;yýkým, tahribat;B2 ;noun;;;;
destructive ;tahrip edici;C1 ;adjective;;;;
detail ;ayrýntý, detay;A1 ;noun;;;;
detail ;ayrýntýlarýný vermek;B2 ;verb;;;;
detailed ;ayrýntýlý;B2 ;adjective;;;;
detain ;"alýkoymak; gözaltýna almak; geciktirmek";C1 ;verb;;;;
detect ;"bulmak, keþfetmek; sezmek";B2 ;verb;;;;
detection ;bulma, ortaya çýkarma/çýkma, keþif;C1 ;noun;;;;
detective ;dedektif, polis hafiyesi;A2 ;noun;;;;
detention ;gözaltýna alma;C1 ;noun;;;;
deteriorate ;"gerilemek, kötüye gitmek; bozulmak";C1 ;verb;;;;
determination ;kararlýlýk, azim;B2 ;noun;;;;
determine ;belirlemek;B1 ;verb;;;;
determined ;kararlý, azimli;B1 ;adjective;;;;
devastate ;harap etmek, mahvetmek;C1 ;verb;;;;
develop ;"geliþmek, dönüþmek; geliþtirmek, dönüþtürmek";A2 ;verb;;;;
development ;"geliþme, geliþim; geliþtirme";B1 ;noun;;;;
device ;tertibat, düzenek;A2 ;noun;;;;
devil ;"Þeytan
iblis, kötü ruh";C1 ;noun;;;;
devise ;tasarlamak, icat etmek;C1 ;verb;;;;
devote ;adamak, vakfetmek;B2 ;verb;;;;
diagnose ;teþhis etmek, tanýlamak;C1 ;verb;;;;
diagnosis ;teþhis, taný;C1 ;noun;;;;
diagram ;þema, diyagram;B1 ;noun;;;;
dialogue ;diyalog;A1 ;noun;;;;
diamond ;"elmas
(iskambil) karo";B1 ;noun;;;;
diary ;"ajanda, randevu defteri
günlük";A2 ;noun;;;;
dictate ;"yazdýrmak, dikte etmek
emretmek, zorla kabul ettirmek";C1 ;verb;;;;
dictator ;diktatör;C1 ;noun;;;;
dictionary ;sözlük;A1 ;noun;;;;
die ;ölmek;A1 ;verb;;;;
diet ;"beslenme (düzeni), besin
perhiz";A1 ;noun;;;;
differ ;farklý olmak, farký olmak;B2 ;verb;;;;
difference ;"fark, farklýlýk
anlaþmazlýk, uyuþmazlýk";A1 ;noun;;;;
different ;farklý;A1 ;adjective;;;;
differentiate ;"ayýrt etmek; ayýrmak";C1 ;verb;;;;
differently ;farklý;A2 ;adverb;;;;
difficult ;güç, zor;A1 ;adjective;;;;
difficulty ;güçlük, zorluk, sýkýntý;B1 ;noun;;;;
dig ;kazmak;B2 ;verb;;;;
digital ;"elektronik, dijital
dijital";A2 ;adjective;;;;
dignity ;aðýrbaþlýlýk, vakar;C1 ;noun;;;;
dilemma ;ikilem;C1 ;noun;;;;
dimension ;boyut;C1 ;noun;;;;
diminish ;"azalmak; eksilmek; azaltmak, eksiltmek";C1 ;verb;;;;
dinner ; (öðle, akþam) yemek;A1 ;noun;;;;
dip ;"daldýrmak, batýrmak
alçalmak, alçaltmak";C1 ;verb;;;;
diplomat ;diplomat;C1 ;noun;;;;
diplomatic ;diplomatik;C1 ;adjective;;;;
direct ;"aracýsýz; doðrudan";A2 ;adjective;;;;
direct ;"aracýsýz; doðrudan
doðrudan, aktarmasýz";B1 ;adverb;;;;
direct ;"yöneltmek
emretmek, talimat vermek";B1 ;verb;;;;
direction ;"yön, taraf
yönerge, yol tarifi";A2 ;noun;;;;
directly ;tam olarak, doðrudan doðruya;B1 ;adverb;;;;
director ;"müdür, direktör
yönetmen";A2 ;noun;;;;
directory ; (telefon vb.) rehber;C1 ;noun;;;;
dirt ;"kir, pislik
toz, toprak";B1 ;noun;;;;
dirty ;"kirli, pis
açýk saçýk, müstehcen";A1 ;adjective;;;;
disability ;"sakatlýk
engellilik";B2 ;noun;;;;
disabled ;engelli, özürlü;B2 ;adjective;;;;
disadvantage ;dezavantaj, eksik;B1 ;noun;;;;
disagree ;farklý görüþlerde olmak, uyuþmamak;A2 ;verb;;;;
disagreement ;anlaþmazlýk, uyuþmazlýk;B2 ;noun;;;;
disappear ;gözden kaybolmak, ortadan kaybolmak;A2 ;verb;;;;
disappoint ;hayal kýrýklýðýna uðratmak, ümidini kýrmak;B2 ;verb;;;;
disappointed ;hayal kýrýklýðýna uðramýþ, ümidi kýrýlmýþ;B1 ;adjective;;;;
disappointing ;"can sýkýcý; düþ kýrýklýðýna sebep olan";B1 ;adjective;;;;
disappointment ;hayal kýrýklýðý;B2 ;noun;;;;
disaster ;felaket, âfet;A2 ;noun;;;;
disastrous ;feci, korkunç;C1 ;adjective;;;;
disc ;disk, yuvarlak yassý cisim;B2 ;noun;;;;
discard ;atmak, ýskartaya çýkarmak;C1 ;verb;;;;
discharge ;"tahliye etmek; taburcu etmek; (kiþi) çýkarmak";C1 ;verb;;;;
discipline ;disiplin, terbiye;B2 ;noun;;;;
disclose ;"açýklamak; ifþa etmek";C1 ;verb;;;;
disclosure ;"açýða çýkarma; açýklama";C1 ;noun;;;;
discount ;indirim, iskonto;B1 ;noun;;;;
discount ;"hesaba katmamak; saymamak";B2 ;verb;;;;
discourage ;vazgeçirmek, cesaretini kýrmak;B2 ;verb;;;;
discourse ;söylem;C1 ;noun;;;;
discover ;keþfetmek, bulmak;A2 ;verb;;;;
discovery ;buluþ, keþif;A2 ;noun;;;;
discretion ;"takdir hakký
temkin, basiret";C1 ;noun;;;;
discrimination ;ayýrým, ayýrýmcýlýk;C1 ;noun;;;;
discuss ;görüþmek, tartýþmak;A1 ;verb;;;;
discussion ;görüþme, tartýþma;A2 ;noun;;;;
disease ;hastalýk;A2 ;noun;;;;
dish ;"yemek kabý, servis kabý
yemek";A1 ;noun;;;;
dishonest ;"namussuz; sahtekâr";B2 ;adjective;;;;
disk ; (bilgisayar) disk;B2 ;noun;;;;
dislike ;sevmeme, antipati, hoþlanmama;B1 ;noun;;;;
dislike ;sevmemek, hoþlanmamak;B1 ;verb;;;;
dismiss ;"ciddiye almamak, hafife almak; zihninden uzaklaþtýrmak
serbest býrakmak, göndermek";B2 ;verb;;;;
dismissal ;"ciddiye almama; iþten çýkarma; iþten çýkarýlma";C1 ;noun;;;;
disorder ;"karýþýklýk, düzensizlik
(beden, zihin) bozukluk,
rahatsýzlýk";B2 ;noun;;;;
displace ;yerini almak, yerine geçmek;C1 ;verb;;;;
display ;"vitrin
sergileme, gösterim";B2 ;noun;;;;
display ;sergilemek;B2 ;verb;;;;
disposal ;atma, elden çýkarma;C1 ;noun;;;;
dispose ;atmak, elden çýkarmak, -den kurtulmak;C1 ;verb;;;;
dispute ;uyuþmazlýk, çatýþma;C1 ;noun;;;;
dispute ;"tartýþmak; karþý çýkmak";C1 ;verb;;;;
disrupt ;"sekte vurmak; engellemek";C1 ;verb;;;;
disruption ;engelleme, sekte vurma;C1 ;noun;;;;
dissolve ;"erimek; eritmek; çözülmek; çözmek";C1 ;verb;;;;
distance ;uzaklýk, mesafe;A2 ;noun;;;;
distant ;"uzak
mesafeli, soðuk";B2 ;adjective;;;;
distinct ;"belirgin, açýk seçik
farklý, ayrý";B2 ;adjective;;;;
distinction ;fark, ayýrým;C1 ;noun;;;;
distinctive ;"belirleyici; karakteristik; özel";C1 ;adjective;;;;
distinguish ;ayýrt etmek;B2 ;verb;;;;
distort ;çarpýtmak, bozmak;C1 ;verb;;;;
distract ;"dikkatini baþka yöne çekmek; dikkatini daðýtmak";B2 ;verb;;;;
distress ;acý, ýzdýrap, keder;C1 ;noun;;;;
distress ;"üzmek; ýstýrap vermek";C1 ;verb;;;;
distribute ;daðýtmak;B2 ;verb;;;;
distribution ;daðýlým;B2 ;noun;;;;
district ;"bölge, yöre
ilçe, semt, mahalle";B2 ;noun;;;;
disturb ;rahatsýz etmek;B2 ;verb;;;;
disturbing ;"üzücü; huzursuz edici";C1 ;adjective;;;;
dive ; (balýklama) dalma, dalýþ;B2 ;noun;;;;
dive ; (su, balýklama vb.) dalmak;B2 ;verb;;;;
diverse ;"farklý; ayrý; çeþitli";B2 ;adjective;;;;
diversity ;çeþitlilik;B2 ;noun;;;;
divert ;"saptýrmak; yönünü deðiþtirtmek; kaydýrmak";C1 ;verb;;;;
divide ;"bölünmek; bölmek
daðýtmak, paylaþtýrmak";B1 ;verb;;;;
divide ;"farklýlýk; (M) uçurum";B2 ;noun;;;;
divine ;kutsal, tanrýsal;C1 ;adjective;;;;
division ;"bölünme; ayrým; paylaþma, bölüþme
(matematik) bölme";B2 ;noun;;;;
divorce ;boþanma;B2 ;noun;;;;
divorce ;"boþamak; boþanmak";B2 ;verb;;;;
divorced ;boþanmýþ;A2 ;adjective;;;;
do ;yapmak;A1 ;verb;;;;
do ;*Yardýmcý fiil;A1 ;auxiliary verb;;;;
doctor ;"doktor, hekim
doktora derecesi olan, doktor";A1 ;noun;;;;
doctrine ;öðreti, doktrin;C1 ;noun;;;;
document ;belge, doküman;A2 ;noun;;;;
documentary ;belgesel, dokümanter;B1 ;noun;;;;
dog ;köpek;A1 ;noun;;;;
dollar ; (Amerika, Kanada, Avustralya) dolar;A1 ;noun;;;;
domain ;" (bilgi, faaliyet vb.) alan
(bilgisayar) alan";C1 ;noun;;;;
domestic ;"yerli, ülke içi
evcil";B2 ;adjective;;;;
dominance ;"hâkimiyet; üstünlük";C1 ;noun;;;;
dominant ;baskýn;B2 ;adjective;;;;
dominate ;"hâkim olmak; üstünlük kurmak";B2 ;verb;;;;
donate ;baðýþlamak;B1 ;verb;;;;
donation ;baðýþ;B2 ;noun;;;;
donor ;"baðýþçý
(organ vb.) donör";C1 ;noun;;;;
door ;kapý;A1 ;noun;;;;
dose ;doz;C1 ;noun;;;;
dot ;nokta, puan, benek;B2 ;noun;;;;
double ;iki katý;A2 ;adjective;;;;
double ;iki katý;A2 ;determiner;;;;
double ;"iki katýna çýkmak; iki katýna çýkarmak, ikiyle çarpmak";A2 ;verb;;;;
double ;çift;B1 ;adverb;;;;
doubt ;"kuþku, þüphe; tereddüt";B1 ;noun;;;;
doubt ;"kuþku duymak, þüphe etmek; ihtimal vermemek";B1 ;verb;;;;
down ;"aþaðýya; aþaðýda
yazýya dökülmüþ, kaðýt üzerinde";A1 ;adverb;;;;
down ;boyunca, aþaðýya doðru;A1 ;preposition;;;;
download ;indirme;A2 ;noun;;;;
download ; (bilgisayar) indirmek;A2 ;verb;;;;
downstairs ;"merdivenlerden aþaðýya; alt kat/kata/katta";A1 ;adverb;;;;
downstairs ;"merdivenlerden aþaðýya; alt kat/kata/katta";A2 ;adjective;;;;
downwards ;aþaðýya doðru;B2 ;adverb;;;;
dozen ;düzine;B2 ;noun;;;;
draft ;taslak, müsvedde;B2 ;noun;;;;
draft ;müsvedde yapmak, taslak hazýrlamak;B2 ;verb;;;;
drag ;çekmek, sürümek;B2 ;verb;;;;
drain ;"suyu çekilerek kurumak; suyunu çekerek kurutmak
akmak, akýtmak, boþaltmak";C1 ;verb;;;;
drama ; (tiyatro, televizyon vb.) oyun, piyes;A2 ;noun;;;;
dramatic ;"dikkat çekici, çarpýcý
abartýlý davranan, velveleci";B2 ;adjective;;;;
dramatically ;"çarpýcý biçimde; etkileyici biçimde; abartýlý bir biçimde";B2 ;adverb;;;;
draw ;"(resim) çizmek
çekmek, çýkarmak";A1 ;verb;;;;
drawing ;"karakalem resim
resim çizme";A2 ;noun;;;;
dream ;rüya, düþ;A2 ;noun;;;;
dream ;"rüya/rüyada görmek
hayal etmek";A2 ;verb;;;;
dress ;elbise;A1 ;noun;;;;
dress ;"giyinmek; giydirmek";A1 ;verb;;;;
drift ;sürüklenmek;C1 ;verb;;;;
drink ;içecek;A1 ;noun;;;;
drink ;içmek;A1 ;verb;;;;
drive ;" (araba, otobüs, tren vb.) sürmek; kullanmak";A1 ;verb;;;;
drive ;arabayla yolculuk, araba gezintisi;A2 ;noun;;;;
driver ;"sürücü; þoför";A1 ;noun;;;;
driving ; (araba vb.) kullanma;A2 ;noun;;;;
driving ;"þiddetli, etkin; harekete geçirici";C1 ;adjective;;;;
drop ;"düþürmek; atmak; býrakmak
düþmek, inmek ";A2 ;verb;;;;
drop ;"damla
düþüþ";B1 ;noun;;;;
drought ;kuraklýk;B2 ;noun;;;;
drown ;" (suda) boðulmak; boðmak";C1 ;verb;;;;
drug ;"uyuþturucu
ilaç";A2 ;noun;;;;
drum ;davul, trampet;B1 ;noun;;;;
drunk ;sarhoþ;B1 ;adjective;;;;
dry ;kuru;A2 ;adjective;;;;
dry ;"kurumak; kurutmak, kurulamak";A2 ;verb;;;;
dual ;"çift; ikili, çifte";C1 ;adjective;;;;
dub ;"lakap takmak, ad takmak
seslendirmek, dublaj yapmak";C1 ;verb;;;;
due ;"-den dolayý
ödenmesi gerekli";B1 ;adjective;;;;
dull ;sýkýcý, ruhsuz, tekdüze;B2 ;adjective;;;;
dumb ;"dilsiz
aptal";C1 ;adjective;;;;
dump ; (çöp vb.) boþaltmak, boca etmek;B2 ;verb;;;;
duo ; (müzik) ikili;C1 ;noun;;;;
duration ;süre;B2 ;noun;;;;
during ;"esnasýnda; boyunca; sýrasýnda";A1 ;preposition;;;;
dust ;toz;B1 ;noun;;;;
duty ;görev;B1 ;noun;;;;
DVD ;DVD;A1 ;noun;;;;
dynamic ; (kiþi) canlý, dinamik;B2 ;adjective;;;;
each ;her bir;A1 ;adverb;;;;
each ;her bir;A1 ;determiner;;;;
each ;her bir;A1 ;pronoun;;;;
eager ;hevesli, istekli;C1 ;adjective;;;;
ear ;kulak;A1 ;noun;;;;
early ;"erken, baþlangýç, baþlarýnda
vaktinden önce, erken";A1 ;adjective;;;;
early ;erken, baþlangýç, baþlarýnda;A1 ;adverb;;;;
earn ;" (para) kazanmak
(hak) kazanmak";A2 ;verb;;;;
earnings ;kazanç, çalýþarak kazanýlan para;C1 ;noun;;;;
earth ;"dünya
toprak, yeryüzü";A2 ;noun;;;;
earthquake ;deprem, yer sarsýntýsý;B1 ;noun;;;;
ease ;kolaylýk, rahatlýk;C1 ;noun;;;;
ease ;"yavaþca hareket ettirmek
hafiflemek, dinmek";C1 ;verb;;;;
easily ;kolaylýkla, kolayca;A2 ;adverb;;;;
east ;doðu;A1 ;adjective;;;;
east ;"doðuya doðru; doðu yakasýnda";A1 ;adverb;;;;
east ;doðu;A1 ;noun;;;;
eastern ;"doðu; doðuya ait";B1 ;adjective;;;;
easy ;"kolay
rahat";A1 ;adjective;;;;
eat ;"yemek
yemek yemek";A1 ;verb;;;;
echo ;yanký;C1 ;noun;;;;
echo ;yankýlanmak, aksetmek;C1 ;verb;;;;
ecological ;ekolojik, çevreye ait;C1 ;adjective;;;;
economic ;"ekonomik; iktisadi";B1 ;adjective;;;;
economics ;ekonomi (bilimi), iktisat;B2 ;noun;;;;
economist ;"ekonomist; iktisatçý";B2 ;noun;;;;
economy ;ekonomi;B1 ;noun;;;;
edge ;"kýyý, kenar; uç
(býçak vb.) keskin kenar";B1 ;noun;;;;
edit ;"yayýna hazýrlamak
(tv veya radyo programý) düz-
enlemek";B2 ;verb;;;;
edition ;baský, basým;B2 ;noun;;;;
editor ;"editör, yayýn müdürü, yayýncý
düzeltmen";B1 ;noun;;;;
educate ;eðitmek;B1 ;verb;;;;
educated ;okumuþ, eðitim görmüþ;B1 ;adjective;;;;
education ;eðitim, öðretim;A2 ;noun;;;;
educational ;eðitici, eðitimle ilgili;B1 ;adjective;;;;
effect ;"etki; sonuç";A2 ;noun;;;;
effective ;etkili, tesirli;B1 ;adjective;;;;
effectively ;etkin bir þekilde;B1 ;adverb;;;;
effectiveness ;etkililik, fayda;C1 ;noun;;;;
efficiency ;"verimlilik; iþinin ehli olma";C1 ;noun;;;;
efficient ;"verimli; iþinin ehli";B2 ;adjective;;;;
efficiently ;verimli bir biçimde;B2 ;adverb;;;;
effort ;"çaba, gayret
zahmet, külfet";B1 ;noun;;;;
egg ;yumurta;A1 ;noun;;;;
ego ;benlik, ego;C1 ;noun;;;;
eight ;sekiz;A1 ;number;;;;
eighteen ;on sekiz;A1 ;number;;;;
eighty ;Seksen;A1 ;number;;;;
either ;de;A2 ;adverb;;;;
either ;"ikisinden biri; hangisi olursa";A2 ;determiner;;;;
either ;"ikisinden biri; hangisi olursa";A2 ;pronoun;;;;
elaborate ;"özenle hazýrlanmýþ; ayrýntýlý";C1 ;adjective;;;;
elbow ;dirsek;B2 ;noun;;;;
elderly ;yaþlý;B2 ;adjective;;;;
elect ;seçmek;B2 ;verb;;;;
election ;seçim;B1 ;noun;;;;
electoral ;seçimle/seçmenle ilgili;C1 ;adjective;;;;
electric ;"elektrik; elektrikli";A2 ;adjective;;;;
electrical ;"elektrik; elektrikli";A2 ;adjective;;;;
electricity ;elektrik;A2 ;noun;;;;
electronic ;elektronik;A2 ;adjective;;;;
electronics ;elektronik;B2 ;noun;;;;
elegant ;zarif, þýk;B2 ;adjective;;;;
element ;"öðe, unsur
element";B1 ;noun;;;;
elementary ;"baþlangýç
basit, temel";B2 ;adjective;;;;
elephant ;fil;A1 ;noun;;;;
elevate ;"yükseltmek; terfi ettirmek, yukarý kaldýrmak";C1 ;verb;;;;
eleven ;on bir;A1 ;number;;;;
eligible ;uygun, gerekli þartlara sahip;C1 ;adjective;;;;
eliminate ;"ortadan kaldýrmak
elemek";B2 ;verb;;;;
elite ;seçkinler, elit tabaka, kaymak tabaka;C1 ;noun;;;;
else ;"-den baþka; (daha) baþka";A1 ;adverb;;;;
elsewhere ;"baþka yere; baþka yerde";B2 ;adverb;;;;
email ;elektronik posta, e-mail;A1 ;noun;;;;
email ;elektronik posta ile göndermek, e-mail ile göndermek;A1 ;verb;;;;
embark ;gemiye binmek;C1 ;verb;;;;
embarrassed ;"utanmýþ; mahcup";B1 ;adjective;;;;
embarrassing ;"utandýrýcý; mahcup edici";B1 ;adjective;;;;
embarrassment ;utanma, sýkýlma;C1 ;noun;;;;
embassy ;elçilik;C1 ;noun;;;;
embed ;gömmek, yerleþtirmek;C1 ;verb;;;;
embody ;sembolü olmak;C1 ;verb;;;;
embrace ;kucaklamak, baðrýna basmak;B2 ;verb;;;;
emerge ;"(ortaya) çýkmak, belirmek
meydana çýkmak";B2 ;verb;;;;
emergence ;ortaya çýkma;C1 ;noun;;;;
emergency ;"acil durum; olaðanüstü durum";B1 ;noun;;;;
emission ;"yayma; emisyon, salým";B2 ;noun;;;;
emotion ;duygu, coþku, his;B1 ;noun;;;;
emotional ;"duygularla ilgili, duygusal
duygu yüklü";B2 ;adjective;;;;
emotionally ;duygusal bakýmdan;B2 ;adverb;;;;
emphasis ;"önem, aðýrlýk
vurgu";B2 ;noun;;;;
emphasize ;vurgulamak;B2 ;verb;;;;
empire ;imparatorluk;B2 ;noun;;;;
empirical ;deneye dayanan, deneysel;C1 ;adjective;;;;
employ ;çalýþtýrmak, istihdam etmek;A2 ;verb;;;;
employee ;çalýþan;A2 ;noun;;;;
employer ;iþveren, patron;A2 ;noun;;;;
employment ;iþ, istihdam;B1 ;noun;;;;
empower ;yetki vermek;C1 ;verb;;;;
empty ;boþ;A2 ;adjective;;;;
empty ;dökmek, boþaltmak;B1 ;verb;;;;
enable ;"olanak saðlamak; mümkün kýlmak";B2 ;verb;;;;
encounter ;karþý karþýya gelme;B2 ;noun;;;;
encounter ;"karþýlaþmak, karþý karþýya gelmek
rastlamak";B2 ;verb;;;;
encourage ;cesaret vermek, yüreklendirmek, teþvik etmek;B1 ;verb;;;;
encouragement ;teþvik, cesaret verme;C1 ;noun;;;;
encouraging ;"teþvik edici; cesaret verici";C1 ;adjective;;;;
end ;"son, uç
sona ermiþ, tükenmiþ";A1 ;noun;;;;
end ;"bitmek, sona ermek; bitirmek, sona erdirmek";A1 ;verb;;;;
endeavour ;çaba, gayret;C1 ;noun;;;;
ending ;son;A2 ;noun;;;;
endless ;bitmek tükenmek bilmez;C1 ;adjective;;;;
endorse ;onaylamak;C1 ;verb;;;;
endorsement ;"onay; (sürücü ehliyeti) trafik siciline geçme";C1 ;noun;;;;
endure ;dayanmak, katlanmak;C1 ;verb;;;;
enemy ;düþman;B1 ;noun;;;;
energy ;"enerji
gayret, güç";A2 ;noun;;;;
enforce ;" (yasa vb.) yürürlüðe koymak; (zorla) saðlamak";C1 ;verb;;;;
enforcement ;yaptýrým, uygulama;C1 ;noun;;;;
engage ;"ilgisini çekmek, dikkatini çekmek, meþgul etmek
karýþmak, bulaþmak";B2 ;verb;;;;
engaged ;"meþgul
niþanlý";B1 ;adjective;;;;
engagement ;"niþan
söz, randevu";C1 ;noun;;;;
engine ;motor;A2 ;noun;;;;
engineer ;mühendis;A2 ;noun;;;;
engineering ;mühendislik;B1 ;noun;;;;
enhance ;geliþtirmek, zenginleþtirmek;B2 ;verb;;;;
enjoy ;"hoþlanmak, zevk almak
eðlenmek, hoþça vakit 
geçirmek";A1 ;verb;;;;
enjoyable ;hoþ, zevkli;B2 ;adjective;;;;
enormous ;muazzam;A2 ;adjective;;;;
enough ;"yeterince; -ecek kadar";A1 ;adverb;;;;
enough ;"yeterli; yetecek kadar
yeterince";A1 ;determiner;;;;
enough ;"yeterli; yetecek kadar";A1 ;pronoun;;;;
enquire ;sormak, soruþturmak;C1 ;verb;;;;
enquiry ;araþtýrma;B2 ;noun;;;;
enrich ;zenginleþtirmek;C1 ;verb;;;;
enrol ;"yazýlmak, kaydolmak; yazmak, kaydetmek";C1 ;verb;;;;
ensue ; (bir olayýn arkasýndan) ortaya çýkmak;C1 ;verb;;;;
ensure ;garantiye almak, saðlamak;B2 ;verb;;;;
enter ;girmek;A2 ;verb;;;;
enterprise ;"giriþim, iþletme
giriþkenlik, giriþim yeteneði";C1 ;noun;;;;
entertain ;"misafir aðýrlamak
eðlendirmek, oyalamak";B1 ;verb;;;;
entertaining ;eðlenceli, hoþ;B2 ;adjective;;;;
entertainment ;eðlence;B1 ;noun;;;;
enthusiasm ;heves, istek, coþku;B2 ;noun;;;;
enthusiast ;hevesli, meraklý, tutkun;C1 ;noun;;;;
enthusiastic ;hevesli, istekli;B2 ;adjective;;;;
entire ;bütün;B2 ;adjective;;;;
entirely ;bütünüyle, tamamen;B2 ;adverb;;;;
entitle ;"hak kazandýrmak; layýk bulmak";C1 ;verb;;;;
entity ;"varlýk; birim";C1 ;noun;;;;
entrance ; (kapý, geçit vb.) giriþ;B1 ;noun;;;;
entrepreneur ;giriþimci;B2 ;noun;;;;
entry ;giriþ;B1 ;noun;;;;
envelope ;zarf;B2 ;noun;;;;
environment ;"çevre, ortam
çevre, doða";A2 ;noun;;;;
environmental ;"çevre; çevresel";B1 ;adjective;;;;
epidemic ;salgýn;C1 ;noun;;;;
episode ;"olay, macera
bölüm (tv ya da radyo oyunu)";B1 ;noun;;;;
equal ;eþit, denk;B1 ;adjective;;;;
equal ;eþit olmak;B1 ;verb;;;;
equal ;eþit, denk;B2 ;noun;;;;
equality ;eþitlik;C1 ;noun;;;;
equally ;eþit derecede, eþit ölçüde;B1 ;adverb;;;;
equation ;denklem;C1 ;noun;;;;
equip ;"donatmak
hazýrlamak";B2 ;verb;;;;
equipment ;donaným, gereçler, teçhizat;A2 ;noun;;;;
equivalent ;eþit, denk, eþdeðer;B2 ;adjective;;;;
equivalent ;karþýlýk, eþdeðer;B2 ;noun;;;;
era ;çað;B2 ;noun;;;;
erect ;"inþa etmek; dikmek";C1 ;verb;;;;
error ;hata, yanlýþ;A2 ;noun;;;;
erupt ; (yanardað) patlamak, püskürmek;B2 ;verb;;;;
escalate ;"týrmanmak, kýzýþmak; týrmandýrmak, kýzýþtýrmak";C1 ;verb;;;;
escape ;"kaçma; firar";B1 ;noun;;;;
escape ;kaçmak;B1 ;verb;;;;
especially ;"özellikle, bilhassa
özel olarak";A2 ;adverb;;;;
essay ;makale, deneme;A2 ;noun;;;;
essence ;"öz
esans";C1 ;noun;;;;
essential ;"gerekli, elzem; temel";B1 ;adjective;;;;
essentially ;özünde, aslýnda, esasen;B2 ;adverb;;;;
establish ;"kurmak; saptamak";B2 ;verb;;;;
establishment ;"kuruluþ; kurum
kurma, kurulma";C1 ;noun;;;;
estate ;"mülk, arazi
kompleks, site";B2 ;noun;;;;
estimate ;tahmin;B2 ;noun;;;;
estimate ;tahmin etmek, tahminde bulunmak;B2 ;verb;;;;
eternal ;"sonsuz; ebedi";C1 ;adjective;;;;
ethic ;ahlâk;B2 ;noun;;;;
ethical ;"ahlaki
ethik, ethik olarak doðru";B2 ;adjective;;;;
ethnic ;etnik, ýrksal;B2 ;adjective;;;;
euro ;Euro, Avro;A1 ;noun;;;;
evacuate ;"boþaltmak; tahliye etmek";C1 ;verb;;;;
evaluate ;deðerlendirmek;B2 ;verb;;;;
evaluation ;deðerlendirme;B2 ;noun;;;;
even ;bile, dahi;A1 ;adverb;;;;
even ;"düz, düzgün
eþit, denk, baþa baþ";B2 ;adjective;;;;
evening ;akþam;A1 ;noun;;;;
event ;"olay
etkinlik ";A1 ;noun;;;;
eventually ;sonunda, nihayet;B1 ;adverb;;;;
ever ;hiç;A1 ;adverb;;;;
every ;her;A1 ;determiner;;;;
everybody ;herkes;A1 ;pronoun;;;;
everyday ;günlük;A2 ;adjective;;;;
everyone [everybody] ;herkes;A1 ;pronoun;;;;
everything ;her þey;A1 ;pronoun;;;;
everywhere ;her yerde, her yere;A2 ;adverb;;;;
evidence ;delil, kanýt;A2 ;noun;;;;
evident ;açýk, belli, meydanda;B2 ;adjective;;;;
evil ;ahlak bakýmýndan kötü;B2 ;adjective;;;;
evil ;kötülük, þer;B2 ;noun;;;;
evoke ;"hatýra getirmek; uyandýrmak";C1 ;verb;;;;
evolution ;evrim;B2 ;noun;;;;
evolve ;"geliþmek; geliþtirmek
evrim geçirmek";B2 ;verb;;;;
exact ;tam, kesin;A2 ;adjective;;;;
exactly ;tam;A2 ;adverb;;;;
exaggerate ;abartmak;C1 ;verb;;;;
exam ;sýnav;A1 ;noun;;;;
examination ;"inceleme; muayene";B2 ;noun;;;;
examine ;araþtýrmak, incelemek;B1 ;verb;;;;
example ;"örnek
örnek olmak";A1 ;noun;;;;
exceed ;"geçmek, aþmak
ihlal etmek, aþmak";B2 ;verb;;;;
excellence ;mükemmellik, üstünlük;C1 ;noun;;;;
excellent ;mükemmel;A2 ;adjective;;;;
except ;dýþýnda, hariç;A2 ;preposition;;;;
exception ;istisna;B2 ;noun;;;;
exceptional ;olaðanüstü;C1 ;adjective;;;;
excess ;fazla;C1 ;adjective;;;;
excess ;fazlalýk, aþýrýlýk;C1 ;noun;;;;
excessive ;aþýrý;B2 ;adjective;;;;
exchange ;"deðiþ tokuþ, alýþ veriþ, deðiþim
kambiyo, döviz";B1 ;noun;;;;
exchange ;bir þeyle deðiþtirmek, karþýlýklý alýp vermek;B1 ;verb;;;;
excited ;heyecanlý;A1 ;adjective;;;;
excitement ;heyecan;B1 ;noun;;;;
exciting ;heyecan sevinç verici, ilgi çekici;A1 ;adjective;;;;
exclude ;hariç tutmak, kapsamamak;B2 ;verb;;;;
exclusion ;"içeri almama, sokmama; çýkarma";C1 ;noun;;;;
exclusive ;"kiþiye özel; 
seçkin";C1 ;adjective;;;;
exclusively ;yalnýzca;C1 ;adverb;;;;
excuse ;mazeret, bahane;B2 ;noun;;;;
excuse ;"baðýþlamak, affetmek; mazur görmek";B2 ;verb;;;;
execute ;"idam etmek
uygulamak, yerine getirmek";C1 ;verb;;;;
execution ;"idam, infaz; yerine getirme";C1 ;noun;;;;
executive ;"yönetici, idareci; yönetmeyle ilgili";B2 ;adjective;;;;
executive ;"yönetici, idareci
(siyasi) yürütme";B2 ;noun;;;;
exercise ;"spor, idman
alýþtýrma";A1 ;noun;;;;
exercise ;"kullanmak
idman yapmak";A1 ;verb;;;;
exert ;uygulamak;C1 ;verb;;;;
exhibit ;" (müze) eser; (mahkeme) kanýt";B2 ;noun;;;;
exhibit ;sergilemek;B2 ;verb;;;;
exhibition ;"sergi
gösteri";B1 ;noun;;;;
exile ;sürgün;C1 ;noun;;;;
exist ;"var olmak; yaþamak";A2 ;verb;;;;
existence ;"varlýk; var oluþ; mevcudiyet";B2 ;noun;;;;
exit ;çýkýþ;B2 ;noun;;;;
exit ;çýkmak;C1 ;verb;;;;
exotic ;yabancý, egzotik;B2 ;adjective;;;;
expand ;"büyümek, geniþlemek, genleþmek; büyütmek, geniþletmek";B1 ;verb;;;;
expansion ;"büyüme; geniþleme";B2 ;noun;;;;
expect ;"beklemek, ummak
talep etmek, beklemek";A2 ;verb;;;;
expectation ;umut, beklenti;B2 ;noun;;;;
expected ;beklenen;B1 ;adjective;;;;
expedition ;"belli amaçlý yolculuk, keþif gezisi
gezi";B1 ;noun;;;;
expenditure ;harcama, gider;C1 ;noun;;;;
expense ;masraf;B2 ;noun;;;;
expensive ;pahalý;A1 ;adjective;;;;
experience ;tecrübe, deneyim;A2 ;noun;;;;
experience ;"yaþamak; hissetmek";B1 ;verb;;;;
experienced ;tecrübeli, deneyimli;B1 ;adjective;;;;
experiment ;deney;A2 ;noun;;;;
experiment ;deney yapmak, denemek;B1 ;verb;;;;
experimental ;deneye dayalý, deneysel;C1 ;adjective;;;;
expert ;usta, uzman;A2 ;adjective;;;;
expert ;uzman;A2 ;noun;;;;
expertise ;uzmanlýk, ustalýk;B2 ;noun;;;;
expire ;süresi dolmak;C1 ;verb;;;;
explain ;açýklamak;A1 ;verb;;;;
explanation ;açýklama;A2 ;noun;;;;
explicit ;açýk seçik;C1 ;adjective;;;;
explicitly ;açýkça;C1 ;adverb;;;;
explode ;"patlamak; patlatmak";B1 ;verb;;;;
exploit ;"sömürmek
kullanmak, yararlanmak";B2 ;verb;;;;
exploitation ;"sömürü; kullaným";C1 ;noun;;;;
exploration ;keþif;B2 ;noun;;;;
explore ;keþfetmek;B1 ;verb;;;;
explosion ;patlama;B1 ;noun;;;;
explosive ;patlayýcý;C1 ;adjective;;;;
explosive ;patlayýcý madde;C1 ;noun;;;;
export ;"ihracat
ihraç malý";B1 ;noun;;;;
export ;ihraç etmek;B1 ;verb;;;;
expose ;"meydana çýkarmak, ortaya çýkarmak
maruz býrakmak";B2 ;verb;;;;
exposure ;"maruz kalma; karþý karþýya getirme
teþhir etme, ifþalama";B2 ;noun;;;;
express ;"belirtmek, ifade etmek, dile getirmek
kendini ifade etmek";A2 ;verb;;;;
expression ;"ifade
yüz ifadesi";A2 ;noun;;;;
extend ;"uzatmak; geniþletmek";B2 ;verb;;;;
extension ;"ek bina
uzatma";B2 ;noun;;;;
extensive ;"geniþ; geniþ çaplý";B2 ;adjective;;;;
extensively ;geniþ olarak, geniþ çapta;B2 ;adverb;;;;
extent ;"büyüklük; boyut";B2 ;noun;;;;
external ;"dýþ, harici
dýþarýdan gelen";B2 ;adjective;;;;
extra ;fazla, fazladan;A1 ;adjective;;;;
extra ;fazla, fazladan;B1 ;adverb;;;;
extra ;ekstra;B1 ;noun;;;;
extract ; (kýtap, müzýk vb.) seçilmiþ parça;B2 ;noun;;;;
extract ;çekmek, zorla elde etmek, koparmak;C1 ;verb;;;;
extraordinary ;"tuhaf, garip, alýþýlmamýþ
olaðanüstü";B2 ;adjective;;;;
extreme ;son derece;A2 ;adjective;;;;
extreme ;uç;B2 ;noun;;;;
extremely ;son derece;A2 ;adverb;;;;
extremist ; (politika) aþýrý uçta görüþleri olan;C1 ;noun;;;;
eye ;göz;A1 ;noun;;;;
fabric ;"kumaþ
yapý, doku";B2 ;noun;;;;
fabulous ;harika, olaðanüstü;B2 ;adjective;;;;
face ;yüz;A1 ;noun;;;;
face ;"yüzünü dönmek, yönüne bakmak
yüzleþmek, yüz yüze gelmek,,
karþýlaþmak, göze almak";B1 ;verb;;;;
facilitate ;kolaylaþtýrmak;C1 ;verb;;;;
facility ;olanak, hizmet;B2 ;noun;;;;
fact ;"olgu; gerçek";A1 ;noun;;;;
faction ;fraksiyon, hizip;C1 ;noun;;;;
factor ;"etken, etmen
(matematik) çarpan";A2 ;noun;;;;
factory ;fabrika;A2 ;noun;;;;
faculty ;"yeti
fakülte";C1 ;noun;;;;
fade ;"solmak, rengi atmak; soldurmak, rengini attýrmak";C1 ;verb;;;;
fail ;kalmak, baþarýsýz olmak;A2 ;verb;;;;
failure ;baþarýsýzlýk;B2 ;noun;;;;
fair ;"makul, yerinde, doðru
hakça adil";A2 ;adjective;;;;
fairly ;"oldukça
adil biçimde";B1 ;adverb;;;;
fairness ;adillik, hakkaniyet;C1 ;noun;;;;
faith ;"güven
inanç, iman, din";B2 ;noun;;;;
fake ;taklit, sahte;B2 ;adjective;;;;
fall ;"yere düþmek; aþaðý yuvarlanmak; dökülmek; yaðmak";A1 ;verb;;;;
fall ;"düþüþ, düþme
þelale";A2 ;noun;;;;
false ;yanlýþ;A1 ;adjective;;;;
fame ;ün, þöhret;B2 ;noun;;;;
familiar ;tanýdýk;B1 ;adjective;;;;
family ;aileye ait;A1 ;adjective;;;;
family ;aile;A1 ;noun;;;;
famous ;ünlü;A1 ;adjective;;;;
fan ;"hayran
fan, vantilatör";A2 ;noun;;;;
fancy ;"lüks; deðiþik, fantazi";B1 ;adjective;;;;
fancy ;"istemek; içinden gelmek
arzulamak, hoþlanmak, ilgi
duymak";B1 ;verb;;;;
fantastic ;harika, müthiþ;A1 ;adjective;;;;
fantasy ;hayal;B2 ;noun;;;;
far ;"uzak; uzaða; uzakta";A1 ;adverb;;;;
far ;uzak;B1 ;adjective;;;;
fare ;bilet ücreti;B2 ;noun;;;;
farm ;çiftlik;A1 ;noun;;;;
farm ;çiftçilik yapmak;A2 ;verb;;;;
farmer ;çiftçi;A1 ;noun;;;;
farming ;çiftçilik;A2 ;noun;;;;
fascinating ;büyüleyici;B1 ;adjective;;;;
fashion ;moda;A2 ;noun;;;;
fashionable ;moda, modaya uygun;B1 ;adjective;;;;
fast ;hýzlý, süratli;A1 ;adjective;;;;
fast ;hýzlý, süratli;A1 ;adverb;;;;
fasten ;"baðlamak; iliklemek, kapatmak; iliklenmek";B1 ;verb;;;;
fat ;þiþman, tombul;A1 ;adjective;;;;
fat ; (hayvan, insan) yað;A2 ;noun;;;;
fatal ;ölümcül, öldürücü;C1 ;adjective;;;;
fate ;kader;C1 ;noun;;;;
father ;"baba
peder";A1 ;noun;;;;
fault ;"kusur; hata; arýza
kabahat";B2 ;noun;;;;
favour ;"iyilik, lütuf
gözde olma durumu, teveccüh";B1 ;noun;;;;
favour ;desteklemek, uygun görmek;B2 ;verb;;;;
favourable ;olumlu, hoþa giden;C1 ;adjective;;;;
favourite ;en sevilen, gözde;A1 ;adjective;;;;
favourite ;en sevilen, gözde;A1 ;noun;;;;
fear ;korku;A2 ;noun;;;;
fear ;korkmak;B1 ;verb;;;;
feat ;cesaret, ustalýk vb. örneði;C1 ;noun;;;;
feather ; (kuþ) tüy;B2 ;noun;;;;
feature ;"özellik; parça
yüz hattý";A2 ;noun;;;;
feature ;"baþ rollerde oynatmak
yer almak";B1 ;verb;;;;
February ;Þubat;A1 ;noun;;;;
federal ;federal;B2 ;adjective;;;;
fee ;ücret;B2 ;noun;;;;
feed ;"beslemek, yedirmek; doyurmak";A2 ;verb;;;;
feed ;"beslenme, doyurma
yem";B2 ;noun;;;;
feedback ;"geri bildirim; geri besleme";B2 ;noun;;;;
feel ;hissetmek;A1 ;verb;;;;
feel ;"dokunma, yoklama
ele geliþ, verilen his";B2 ;noun;;;;
feeling ;"duygu, his
düþüceler, fikirler";A1 ;noun;;;;
fellow ;emsali olan, akraný olan;B2 ;adjective;;;;
female ;"kadýn; kýz";A2 ;adjective;;;;
female ;diþi;A2 ;noun;;;;
feminist ;feminist;C1 ;adjective;;;;
feminist ;feminist;C1 ;noun;;;;
fence ;"çit; tahta perde; tel örgü";B1 ;noun;;;;
festival ;festival;A1 ;noun;;;;
fever ; (vücut) ateþ;B2 ;noun;;;;
few ;"az
birkaç";A1 ;adjective;;;;
few ;az;A1 ;determiner;;;;
few ;azý;A1 ;pronoun;;;;
fibre ;lif;C1 ;noun;;;;
fiction ;"kurgu roman; kurgu hikâye";A2 ;noun;;;;
field ;"tarla; otlak
saha, alan";A2 ;noun;;;;
fierce ;"azgýn, vahþi
þiddetli";C1 ;adjective;;;;
fifteen ;on beþ;A1 ;number;;;;
fifth ;beþinci;A1 ;ord. number;;;;
fifty ;Elli;A1 ;number;;;;
fight ;kavga, arbede;A2 ;noun;;;;
fight ;"dövüþmek, kavga etmek; savaþmak";A2 ;verb;;;;
fighting ;kavga, arbede;B1 ;noun;;;;
figure ;"rakam; fiyat
þahýs, kiþi";A2 ;noun;;;;
figure ;"ele alýnmak, yer almak
tahmin etmek";B2 ;verb;;;;
file ;dosya;B1 ;noun;;;;
file ;dosyalamak;B2 ;verb;;;;
fill ;"dolmak; doldurmak";A1 ;verb;;;;
film ;film;A1 ;noun;;;;
film ;film(e) çekmek, görüntülemek;A2 ;verb;;;;
film-maker ;film yapýmcýsý;C1 ;noun;;;;
filter ;filtre;C1 ;noun;;;;
filter ;"süzmek; arýtmak";C1 ;verb;;;;
final ;"son
nihai, kesin";A1 ;adjective;;;;
final ;final;A2 ;noun;;;;
finally ;"sonunda
kesin olarak";A2 ;adverb;;;;
finance ;finansman, para;B2 ;noun;;;;
finance ;ödemek, finanse etmek, karþýlamak;B2 ;verb;;;;
financial ;mali;B1 ;adjective;;;;
find ; (tesadüfen) bulmak;A1 ;verb;;;;
finding ;bulgu, sonuç;B2 ;noun;;;;
fine ;güzel, iyi, mükemmel;A1 ;adjective;;;;
fine ;para cezasý;C1 ;noun;;;;
fine ;para cezasýna çarptýrmak;C1 ;verb;;;;
finger ;parmak;A2 ;noun;;;;
finish ;"bitmek; bitirmek";A1 ;verb;;;;
finish ;" (yarýþ vb.) bitiþ; son";A2 ;noun;;;;
fire ;"yangýn
ateþ";A1 ;noun;;;;
fire ;ateþ etmek;B1 ;verb;;;;
firearm ;ateþli silah;C1 ;noun;;;;
firefighter ;itfaiyeci;B2 ;noun;;;;
firework ;havai fiþek;B2 ;noun;;;;
firm ;"sert, katý
sýký, saðlam, kesin";B2 ;adjective;;;;
firm ;þirket, firma;B2 ;noun;;;;
firmly ;sýkýca, sýmsýký, kesin olarak;B2 ;adverb;;;;
first ;"ilk önce, ilk, birinci
baþta";A1 ;adverb;;;;
first ;ilk, birinci;A1 ;determiner;;;;
first ;ilk, birinci;A1 ;ord. number;;;;
first ;ilk;A2 ;noun;;;;
firstly ;ilk önce, birinci olarak;A2 ;adverb;;;;
fish ;balýk;A1 ;noun;;;;
fish ;balýk avlamak;A2 ;verb;;;;
fishing ;balýkçýlýk;A2 ;noun;;;;
fit ;"saðlýklý, formda
uygun";A2 ;adjective;;;;
fit ;uymak, sýðmak;A2 ;verb;;;;
fit ;hastalýk nöbeti;C1 ;noun;;;;
fitness ;formda olma, zindelik;B1 ;noun;;;;
five ;beþ;A1 ;number;;;;
fix ;"takmak, yerleþtirmek
onarmak, tamir etmek";A2 ;verb;;;;
fix ;"çözüm
þike";B2 ;noun;;;;
fixed ;deðiþmez, kararlaþtýrýlmýþ;B1 ;adjective;;;;
fixture ; (spor) fikstür;C1 ;noun;;;;
flag ;bayrak;B1 ;noun;;;;
flame ;alev;B2 ;noun;;;;
flash ;parlama;B2 ;noun;;;;
flash ;"yanýp sönmek; yakýp söndürmek";B2 ;verb;;;;
flat ;"apartman dairesi
düz yüzey";A1 ;noun;;;;
flat ;düz;A2 ;adjective;;;;
flavour ;lezzet, tat;B2 ;noun;;;;
flaw ;hata, kusur;C1 ;noun;;;;
flawed ;kusurlu, hatalý;C1 ;adjective;;;;
flee ;kaçmak;C1 ;verb;;;;
fleet ;donanma, filo;C1 ;noun;;;;
flesh ;"et
bizzat, canlý";C1 ;noun;;;;
flexibility ;esneklik;C1 ;noun;;;;
flexible ;esnek, bükülgen;B2 ;adjective;;;;
flight ;uçuþ, uçak yolculuðu;A1 ;noun;;;;
float ;süzülmek;B2 ;verb;;;;
flood ;sel;B1 ;noun;;;;
flood ;"sel basmak, taþmak
akýn etmek, (mesaj) yaðmak";B1 ;verb;;;;
floor ;yer, zemin;A1 ;noun;;;;
flour ;un;B1 ;noun;;;;
flourish ;geliþmek, serpilmek;C1 ;verb;;;;
flow ;akýþ;B1 ;noun;;;;
flow ;akmak;B1 ;verb;;;;
flower ;çiçek;A1 ;noun;;;;
flu ;grip;A2 ;noun;;;;
fluid ;sývý;C1 ;noun;;;;
fly ;"uçmak; uçakla geçmek";A1 ;verb;;;;
fly ;sinek;A2 ;noun;;;;
flying ;uçucu;A2 ;adjective;;;;
flying ;uçak yolculuðu;A2 ;noun;;;;
focus ; (ilgi) odak noktasý;A2 ;noun;;;;
focus ;"odaklanmak, dikkatini vermek; dikkatini bir konuya toplamak";A2 ;verb;;;;
fold ;katlamak;B1 ;verb;;;;
fold ;kývrým;B2 ;noun;;;;
folding ;katlanýr;B2 ;adjective;;;;
folk ;halk;B1 ;adjective;;;;
folk ;insanlar;B1 ;noun;;;;
follow ;"arkadan gelmek; takip etmek
(talimat) uymak";A1 ;verb;;;;
following ;"ertesi, bir sonraki
aþaðýdaki";A2 ;adjective;;;;
following ;tarafta grubu;B1 ;noun;;;;
following ;sonra, arkasýndan;B2 ;preposition;;;;
fond ;"düþkün; hoþlanan";B2 ;adjective;;;;
food ;"besin, gýda
yiyecek";A1 ;noun;;;;
fool ;aptal, budala;B2 ;noun;;;;
foot ;"ayak
30,48 cmye eþit ölçü birimi";A1 ;noun;;;;
footage ; (sinema, televizyon) görüntü;C1 ;noun;;;;
football ;futbol;A1 ;noun;;;;
for ;için, -e;A1 ;preposition;;;;
forbid ;yasaklamak;B2 ;verb;;;;
force ;"güç, kuvvet
etki ";B1 ;noun;;;;
force ;zorlamak;B1 ;verb;;;;
forecast ;tahmin;B2 ;noun;;;;
forecast ;öngörmek, tahmin etmek;B2 ;verb;;;;
foreign ;yabancý;A2 ;adjective;;;;
foreigner ;yabancý;C1 ;noun;;;;
forest ;orman;A2 ;noun;;;;
forever ;sonsuza dek, ebediyen;B1 ;adverb;;;;
forge ;" (iliþki vb.) kurmak, geliþtirmek
taklit etmek, sahtesini yapmak";C1 ;verb;;;;
forget ;unutmak;A1 ;verb;;;;
forgive ;affetmek, baðýþlamak;B2 ;verb;;;;
fork ;çatal;A2 ;noun;;;;
form ;"þekil, biçim
form, belge";A1 ;noun;;;;
form ;"oluþmak; oluþturmak";A1 ;verb;;;;
formal ; (dil, davranýþ) resmî;A2 ;adjective;;;;
format ;format, biçim, düzen;B2 ;noun;;;;
formation ;"oluþturma; oluþum";B2 ;noun;;;;
former ;eski, önceki;B2 ;adjective;;;;
formerly ;eskiden;B2 ;adverb;;;;
formula ;formül;C1 ;noun;;;;
formulate ;biçimlendirmek, formüle etmek;C1 ;verb;;;;
forth ;vesaire, ve benzeri þeyler;C1 ;adverb;;;;
forthcoming ;gelecek, önümüzdeki;C1 ;adjective;;;;
fortunate ;þanslý;B2 ;adjective;;;;
fortunately ;neyse ki;A2 ;adverb;;;;
fortune ;"þans, talih, kýsmet
servet";B2 ;noun;;;;
forty ;kýrk;A1 ;number;;;;
forum ;forum, açýk oturum;B2 ;noun;;;;
forward ;"ileriye doðru
ileri";A2 ;adverb;;;;
forward ;ileriye dönük;B2 ;adjective;;;;
fossil ;fosil;B2 ;noun;;;;
foster ;"teþvik etmek
evlatlýk almak";C1 ;verb;;;;
found ;kurmak;B2 ;verb;;;;
foundation ;temel;B2 ;noun;;;;
founder ;kurucu;B2 ;noun;;;;
four ;dört;A1 ;number;;;;
fourteen ;on dört;A1 ;number;;;;
fourth ;dördüncü;A1 ;ord. number;;;;
fraction ;küçük bir bölüm;B2 ;noun;;;;
fragile ;kýrýlgan, narin;C1 ;adjective;;;;
fragment ;parça, küçük bir kýsým;B2 ;noun;;;;
frame ;çerçeve;B1 ;noun;;;;
frame ;çerçevelemek;B1 ;verb;;;;
framework ;"iskelet
temel, esas, çerçeve";B2 ;noun;;;;
franchise ;imtiyaz hakký, bayilik;C1 ;noun;;;;
frankly ;açýkça, samimiyetle, dobra dobra;C1 ;adverb;;;;
fraud ;dolandýrýcýlýk, sahtekârlýk;B2 ;noun;;;;
free ;"özgür
bedava, ücretsiz";A1 ;adjective;;;;
free ;özgür;A2 ;adverb;;;;
free ;"serbest býrakmak, azat etmek; kurtarmak";B2 ;verb;;;;
freedom ;özgürlük;B2 ;noun;;;;
freely ;serbestçe, özgürce, rahatça;B2 ;adverb;;;;
freeze ;"donmak; dondurmak";B1 ;verb;;;;
frequency ;"sýklýk, sýk tekrarlanma
frekans";B2 ;noun;;;;
frequent ;sýk;B2 ;adjective;;;;
frequently ;sýk sýk;B1 ;adverb;;;;
fresh ;"taze
yeni, deðiþik";A2 ;adjective;;;;
Friday ;Cuma;A1 ;noun;;;;
fridge ;buzdolabý;A2 ;noun;;;;
friend ;arkadaþ, dost;A1 ;noun;;;;
friendly ;"dostça; samimi, sýcak";A1 ;adjective;;;;
friendship ;arkadaþlýk, dostluk;B1 ;noun;;;;
frighten ;korkutmak;B1 ;verb;;;;
frightened ;korkmuþ;B1 ;adjective;;;;
frightening ;korkutucu, ürkütücü;B1 ;adjective;;;;
frog ;kurbaða;A2 ;noun;;;;
from ; (yer, zaman) -den;A1 ;preposition;;;;
front ;ön;A1 ;adjective;;;;
front ;"ön yüz
cephe";A1 ;noun;;;;
frozen ;dondurulmuþ;B1 ;adjective;;;;
fruit ;meyve;A1 ;noun;;;;
frustrated ;hüsrana uðramýþ, hayalleri boþa çýkmýþ, umudu kýrýlmýþ;C1 ;adjective;;;;
frustrating ;moral bozucu, umut kýrýcý;C1 ;adjective;;;;
frustration ;hüsran, düþ kýrýklýðý;C1 ;noun;;;;
fry ;" (yaðda) kýzarmak; kýzartmak";B1 ;verb;;;;
fuel ;yakýt;B1 ;noun;;;;
fuel ;yakýt doldurmak, … ile çalýþtýrmak;B2 ;verb;;;;
fulfil ;gerçekleþtirmek;B2 ;verb;;;;
full ;"dolu
tok";A1 ;adjective;;;;
full-time ;tam gün, tam zamanlý;B2 ;adjective;;;;
full-time ;tam gün, tam zamanlý;B2 ;adverb;;;;
fully ;tamamen, tam (olarak);B2 ;adverb;;;;
fun ;eðlence, zevk;A1 ;noun;;;;
fun ;eðlenceli;A2 ;adjective;;;;
function ;"iþlev; görev";B1 ;noun;;;;
function ;iþlemek, çalýþmak;B2 ;verb;;;;
functional ;kullanýþlý, iþlevsel, fonksiyonel;C1 ;adjective;;;;
fund ;fon;B2 ;noun;;;;
fund ;fon ayýrmak, finanse etmek;B2 ;verb;;;;
fundamental ;temel, ana;B2 ;adjective;;;;
fundamentally ;kökünden, temelinden;B2 ;adverb;;;;
funeral ;cenaze töreni;C1 ;noun;;;;
funny ;komik, gülünç;A1 ;adjective;;;;
fur ; (hayvan) tüy;B1 ;noun;;;;
furious ;çok kýzgýn, çok öfkeli;B2 ;adjective;;;;
furniture ;mobilya;A2 ;noun;;;;
further ;daha uzak, daha uzakta;A2 ;adjective;;;;
further ;"daha ileride; daha ileriye";B1 ;adverb;;;;
furthermore ;ayrýca, üstelik;B2 ;adverb;;;;
future ;gelecek;A1 ;noun;;;;
future ;müstakbel, geleceðe ait;A2 ;adjective;;;;
gain ;"artýþ; kazanç, kâr; kazaným";B2 ;noun;;;;
gain ;"almak, kazanmak
kazanmak, kazançlý çýkmak";B2 ;verb;;;;
gallery ; (sanat) galeri;A2 ;noun;;;;
gallon ;galon, 4,5 litre;C1 ;noun;;;;
gambling ;kumar;C1 ;noun;;;;
game ;oyun, karþýlaþma, maç;A1 ;noun;;;;
gang ; (suç) örgüt;B2 ;noun;;;;
gap ;"boþluk, aralýk
ara";A2 ;noun;;;;
garage ;garaj;B1 ;noun;;;;
garden ;"bahçe
park";A1 ;noun;;;;
gas ;gaz;A2 ;noun;;;;
gate ;" (duvar, çit vb.) kapý
giriþ";A2 ;noun;;;;
gather ;"toplanmak; toplamak";B1 ;verb;;;;
gathering ;toplantý;C1 ;noun;;;;
gay ;"eþcinsel, homoseksüel
neþeli, þen þakrak";B2 ;adjective;;;;
gaze ;sabit bakýþ;C1 ;noun;;;;
gaze ;gözünü dikmek;C1 ;verb;;;;
gear ;vites;C1 ;noun;;;;
gender ;cinsiyet;B2 ;noun;;;;
gene ;gen;B2 ;noun;;;;
general ;genel;A2 ;adjective;;;;
generally ;çoðunluk tarafýndan;B1 ;adverb;;;;
generate ;üretmek, meydana getirmek, doðurmak;B2 ;verb;;;;
generation ;nesil, kuþak;B1 ;noun;;;;
generic ;genel;C1 ;adjective;;;;
generous ;cömert;B1 ;adjective;;;;
genetic ;genetik;B2 ;adjective;;;;
genius ;deha;B2 ;noun;;;;
genocide ;soykýrým;C1 ;noun;;;;
genre ; (edebiyat, sanat, müzik vb.) tür, janr;B2 ;noun;;;;
gentle ;nazik, kibar;B1 ;adjective;;;;
gentleman ;beyefendi, centilmen;B1 ;noun;;;;
genuine ;"gerçek; hakiki
içten, dürüst, samimi";B2 ;adjective;;;;
genuinely ;gerçekten, hakikaten;B2 ;adverb;;;;
geography ;coðrafya (bilimi);A1 ;noun;;;;
gesture ; (el, kol, baþ vb.) hareket;B2 ;noun;;;;
get ;"almak; satýn almak; edinmek; uðramak, baþýna gelmek
sahip olmak";A1 ;verb;;;;
ghost ;hayalet;B1 ;noun;;;;
giant ;kocaman, muazzam;B1 ;adjective;;;;
giant ;dev;B1 ;noun;;;;
gift ;"hediye
allah vergisi yetenek";A2 ;noun;;;;
gig ; (müzik) gösteri;B2 ;noun;;;;
girl ;kýz;A1 ;noun;;;;
girlfriend ;kýz arkadaþ, sevgili;A1 ;noun;;;;
give ;vermek;A1 ;verb;;;;
glad ;memnun, sevinmiþ;B1 ;adjective;;;;
glance ;göz atma, bakýþ;C1 ;noun;;;;
glance ;göz atmak, göz gezdirmek;C1 ;verb;;;;
glass ;"cam
bardak";A1 ;noun;;;;
glimpse ;anlýk bakýþ;C1 ;noun;;;;
global ;küresel, global;B1 ;adjective;;;;
globalization ;küreselleþme;B2 ;noun;;;;
globe ;"küre
yerküre, dünya";B2 ;noun;;;;
glorious ;"þanlý
muhteþem, harika";C1 ;adjective;;;;
glory ;þan, þeref, zafer;C1 ;noun;;;;
glove ;eldiven;B1 ;noun;;;;
go ;gitmek;A1 ;verb;;;;
go ; (oyun vb.) sýra;B1 ;noun;;;;
goal ;" (futbol, hokey vb.) kale
gol";A2 ;noun;;;;
god ;Allah, Tanrý;A2 ;noun;;;;
gold ;altýn sarýsý;A2 ;adjective;;;;
gold ;altýn;A2 ;noun;;;;
golden ;"altýn, altýndan; altýn sarýsý";B2 ;adjective;;;;
golf ;golf;A2 ;noun;;;;
good ;iyi;A1 ;adjective;;;;
good ;iyilik;A2 ;noun;;;;
goodbye ;"güle güle; hoþça kal, allahaýsmarladýk gayriresmî olan";A1 ;exclamation;;;;
goodbye ;veda sözu;A1 ;noun;;;;
goodness ;"iyilik
yarar";B2 ;noun;;;;
goods ;mal, eþya;B1 ;noun;;;;
gorgeous ;muhteþem, müthiþ;B2 ;adjective;;;;
govern ;yönetmek;B2 ;verb;;;;
government ;hükümet;A2 ;noun;;;;
governor ;vali;B2 ;noun;;;;
grab ;kapmak, yakalamak;B2 ;verb;;;;
grace ;zarafet;C1 ;noun;;;;
grade ;"derece; kalite
not";B1 ;noun;;;;
grade ;derecelendirmek, sýnýflandýrmak;B2 ;verb;;;;
gradually ;yavaþ yavaþ, zamanla;B2 ;adverb;;;;
graduate ;üniversite mezunu;B1 ;noun;;;;
graduate ;"üniversite vb.den mezun olmak
terfi etmek";B1 ;verb;;;;
grain ;"tahýl; tahýl tanesi";B1 ;noun;;;;
grand ;"büyük, görkemli, heybetli; önemli";B2 ;adjective;;;;
grandfather ;dede, büyük-baba;A1 ;noun;;;;
grandmother ;anneanne, babaanne, büyükanne;A1 ;noun;;;;
grandparent ;"dede; büyükanne";A1 ;noun;;;;
grant ;burs, ödenek;B2 ;noun;;;;
grant ;vermek, bahþetmek;B2 ;verb;;;;
graphic ;çizimsel, grafik;B2 ;adjective;;;;
graphics ;grafikler;B2 ;noun;;;;
grasp ;kavrama, sýký tutma;C1 ;noun;;;;
grasp ;kavramak, yakalamak;C1 ;verb;;;;
grass ;ot, çim, çimen;A2 ;noun;;;;
grateful ;minnettar;B1 ;adjective;;;;
grave ;vahim, ciddi, aðýr;C1 ;adjective;;;;
grave ;mezar, kabir;C1 ;noun;;;;
gravity ;yerçekimi;C1 ;noun;;;;
great ;"büyük; muazzam
harika";A1 ;adjective;;;;
greatly ;çok;B2 ;adverb;;;;
green ;yeþil;A1 ;adjective;;;;
green ;yeþil renk;A1 ;noun;;;;
greenhouse ;sera;B2 ;noun;;;;
greet ;selamlamak, karþýlamak;A2 ;verb;;;;
grey ;"kül rengi, gri
(hava) kapalý, bulutlu";A1 ;adjective;;;;
grey ;gri renk;A1 ;noun;;;;
grid ;"kafes þekli
ýzgara, engel";C1 ;noun;;;;
grief ;elem, keder;C1 ;noun;;;;
grin ;sýrýtma;C1 ;noun;;;;
grin ;sýrýtmak;C1 ;verb;;;;
grind ;"öðütmek
gýcýrdatmak";C1 ;verb;;;;
grip ;sýmsýký tutma, kontrol, tutuþ;C1 ;noun;;;;
grip ;sýký tutmak, kavramak;C1 ;verb;;;;
gross ;"brüt
iðrenç";C1 ;adjective;;;;
ground ;"yer
toprak";A2 ;noun;;;;
group ;grup;A1 ;noun;;;;
grow ;büyümek, geliþmek;A1 ;verb;;;;
growth ;büyüme, geliþme;B1 ;noun;;;;
guarantee ;"güvence, teminat
garanti belgesi";B2 ;noun;;;;
guarantee ;"garanti vermek; garanti etmek";B2 ;verb;;;;
guard ;nöbetçi, muhafýz;B1 ;noun;;;;
guard ;korumak;B1 ;verb;;;;
guerrilla ;gerilla;C1 ;noun;;;;
guess ;tahmin;A1 ;noun;;;;
guess ;tahmin etmek;A1 ;verb;;;;
guest ;"konuk, misafir
müþteri, misafir";A2 ;noun;;;;
guidance ;tavsiye, yardým;C1 ;noun;;;;
guide ;"el kitabý, kýlavuz
ipucu";A2 ;noun;;;;
guide ;kýlavuzluk/rehberlik etmek;A2 ;verb;;;;
guideline ;kurallar, yönetmelik;B2 ;noun;;;;
guilt ;suçluluk;C1 ;noun;;;;
guilty ;suçlu;B1 ;adjective;;;;
guitar ;gitar;A1 ;noun;;;;
gun ;silah, tabanca;A2 ;noun;;;;
gut ;"baðýrsaklar, sindirim sistemi
cesaret, yüreklilik";C1 ;noun;;;;
guy ;adam;A2 ;noun;;;;
gym ;spor salonu;A1 ;noun;;;;
habit ;"huy; alýþkanlýk";A2 ;noun;;;;
habitat ;habitat, doðal ortam;B2 ;noun;;;;
hail ;yüceltmek, övmek;C1 ;verb;;;;
hair ;"saç; tüy, kýl";A1 ;noun;;;;
half ;yarýsý;A1 ;determiner;;;;
half ;yarým, yarý;A1 ;noun;;;;
half ;yarýsý;A1 ;pronoun;;;;
half ;yarý, yarým, yarý yarýya;A2 ;adverb;;;;
halfway ;yarý-yolda, ortada;C1 ;adverb;;;;
hall ;"hol, koridor
salon";A2 ;noun;;;;
halt ;ara, kýsa bir süre için durma;C1 ;noun;;;;
halt ;durmak, kýsa bir süre için durdurmak;C1 ;verb;;;;
hand ;el;A1 ;noun;;;;
hand ;"uzatmak, vermek, elden ele geçirmek
devretmek";B1 ;verb;;;;
handful ;avuç dolusu;C1 ;noun;;;;
handle ;kol, kulp, sap;B2 ;noun;;;;
handle ;ele almak, idare etmek, baþa çýkmak;B2 ;verb;;;;
handy ;kullanýþlý, pratik;C1 ;adjective;;;;
hang ;"asmak; sarkmak
asarak idam etmek";B1 ;verb;;;;
happen ;"olmak; meydana gelmek";A1 ;verb;;;;
happily ;mutlu bir þekilde;A2 ;adverb;;;;
happiness ;mutluluk;B1 ;noun;;;;
happy ;mutlu, memnun;A1 ;adjective;;;;
harassment ;"taciz; rahatsýz etme, canýndan bezdirme";C1 ;noun;;;;
harbour ;liman;B2 ;noun;;;;
hard ;"sert
güç, zor";A1 ;adjective;;;;
hard ;"sýký; adamakýllý, iyice
þiddetli, kuvvetli";A1 ;adverb;;;;
hardly ;"hemen hemen hiç
ancak, güç bela, hemen hiç";B1 ;adverb;;;;
hardware ; (bilgisayar) donaným;C1 ;noun;;;;
harm ;"zarar; hasar";B2 ;noun;;;;
harm ;"zarar vermek; incitmek";B2 ;verb;;;;
harmful ;zararlý;B2 ;adjective;;;;
harmony ;uyum;C1 ;noun;;;;
harsh ;"katý; sert, gaddar";C1 ;adjective;;;;
harvest ;hasat, hasat zamaný;C1 ;noun;;;;
harvest ;ürün devþirmek;C1 ;verb;;;;
hat ;þapka;A1 ;noun;;;;
hate ;"nefret etmek; hiç hoþlanmamak";A1 ;verb;;;;
hate ;nefret;B1 ;noun;;;;
hatred ;nefret;C1 ;noun;;;;
haunt ; (hayalet, peri) dadanmak;C1 ;verb;;;;
have ;sahip olmak;A1 ;verb;;;;
have ;*Yardýmcý fiil;A2 ;auxiliary verb;;;;
have to ;zorunda olmak;A1 ;modal verb;;;;
hazard ;tehlike, risk;C1 ;noun;;;;
he ; (erkek) o;A1 ;pronoun;;;;
head ;"baþ, kafa
þef, baþkan, lider";A1 ;noun;;;;
head ;"yönelmek
baþý çekmek";B1 ;verb;;;;
headache ;baþ aðrýsý;A2 ;noun;;;;
headline ;" (gazete) manþet
haber baþlýklarý";B1 ;noun;;;;
headquarters ;merkez, karargâh;B2 ;noun;;;;
heal ;"iyileþmek; iyileþtirmek, onarmak";B2 ;verb;;;;
health ;saðlýk;A1 ;noun;;;;
healthy ;saðlýklý;A1 ;adjective;;;;
hear ;"iþitmek; duymak
haber almak";A1 ;verb;;;;
hearing ;kulak, iþitme;B2 ;noun;;;;
heart ;"kalp
kalp þekli";A2 ;noun;;;;
heat ;"sýcaklýk, ýsý
ocak";A2 ;noun;;;;
heat ;"ýsýnmak; ýsýtmak";A2 ;verb;;;;
heating ;ýsýtma (sistemi), kalorifer;B1 ;noun;;;;
heaven ;cennet;B2 ;noun;;;;
heavily ;"þiddetle; aðýr bir þekilde; yoðun bir þekilde";B1 ;adverb;;;;
heavy ;"aðýr
sert, kalýn";A2 ;adjective;;;;
heel ;topuk;B2 ;noun;;;;
height ;"boy
irtifa, yükseklik";A2 ;noun;;;;
heighten ;"çoðalmak, artmak; çoðaltmak, arttýrmak";C1 ;verb;;;;
helicopter ;helikopter;B1 ;noun;;;;
hell ;cehennem;B2 ;noun;;;;
hello ;merhaba!, hey!, alo!;A1 ;exclamation;;;;
hello ;merhaba!, hey!, alo!;A1 ;noun;;;;
helmet ;"miðfer; kask";B2 ;noun;;;;
help ;"yardým; yardýmcý, iþe yarar";A1 ;noun;;;;
help ;"yardým etmek; yardýmcý olmak
imdat";A1 ;verb;;;;
helpful ;yardýmcý, faydalý, yardýmsever;A2 ;adjective;;;;
hence ;dolayýsýyla, bundan dolayý;B2 ;adverb;;;;
her ; (diþi için) onun;A1 ;determiner;;;;
her ;" (diþi) onu; ona";A1 ;pronoun;;;;
herb ;þifalý bitki, þifalý ot;B2 ;noun;;;;
here ;"burada; buraya; buradan; burasý";A1 ;adverb;;;;
heritage ; (kültür) miras;C1 ;noun;;;;
hero ;kahraman;A2 ;noun;;;;
hers ;" (diþi için) onun; onunki";A2 ;pronoun;;;;
herself ;" (diþi) kendi; kendisi; kendisini; kendisine";A2 ;pronoun;;;;
hesitate ;tereddüt etmek, duraksamak, kararsýzlýk göstermek;B2 ;verb;;;;
hey ;"hey!; aa!";A1 ;exclamation;;;;
hi ;merhaba;A1 ;exclamation;;;;
hide ; (birisinden bir þey) saklamak, gizlemek;A2 ;verb;;;;
hierarchy ;önem ve deðere göre sýralama, hiyerarþi;C1 ;noun;;;;
high ;"yüksek
soylu, yüce";A1 ;adjective;;;;
high ;"tepede, yüksekte; tepeye, yükseðe";A2 ;adverb;;;;
high ;"tepe; yüksek nokta";B2 ;noun;;;;
highlight ;seçmeler, en ilginç bölümler;B1 ;noun;;;;
highlight ;vurgulamak, dikkat çekmek;B1 ;verb;;;;
highly ;"büyük ölçüde; oldukça";B1 ;adverb;;;;
highway ;"anayol; otoyol";B2 ;noun;;;;
hilarious ;"eðlenceli; çok gülünç; komik";B2 ;adjective;;;;
hill ;"tepe
yokuþ";A2 ;noun;;;;
him ;" (erkek) o; onu; ona";A1 ;pronoun;;;;
himself ;" (erkek) kendisi; kendisini; kendisine";A2 ;pronoun;;;;
hint ;"ima
ipucu";C1 ;noun;;;;
hint ;ima etmek;C1 ;verb;;;;
hip ;kalça;B2 ;noun;;;;
hire ;"kiralamak
iþe almak, adam tutmak";B1 ;verb;;;;
hire ;"kira (bedeli), kiralama; kiralýk";B2 ;noun;;;;
his ;onunki;A1 ;determiner;;;;
his ; (erkek) onun;A2 ;pronoun;;;;
historian ;tarihçi;B2 ;noun;;;;
historic ;tarihsel, tarihe geçmiþ;B1 ;adjective;;;;
historical ;tarihsel;B1 ;adjective;;;;
history ;tarih;A1 ;noun;;;;
hit ;"vuruþ; darbe";A2 ;noun;;;;
hit ;vurmak, çarpmak;A2 ;verb;;;;
hobby ;uðraþý, hobi;A1 ;noun;;;;
hockey ;hokey;A2 ;noun;;;;
hold ;"tutmak
taþýmak";A2 ;verb;;;;
hold ;"tutma, tutuþ
beklemede";B2 ;noun;;;;
hole ;"delik; oyuk, çukur";A2 ;noun;;;;
holiday ;tatil;A1 ;noun;;;;
hollow ;içi boþ, oyuk, kof;B2 ;adjective;;;;
holy ;kutsal;B2 ;adjective;;;;
home ;eve, evde;A1 ;adverb;;;;
home ;"ev, aile ocaðý
anayurt";A1 ;noun;;;;
home ;ev;A2 ;adjective;;;;
homeland ;anayurt;C1 ;noun;;;;
homeless ;evsiz barksýz, yersiz yurtsuz;B2 ;adjective;;;;
homework ;ev ödevi;A1 ;noun;;;;
honest ;dürüst, doðru sözlü;B1 ;adjective;;;;
honesty ;dürüstlük, doðru sözlülük;B2 ;noun;;;;
honour ;þeref, onur;B2 ;noun;;;;
honour ;þeref vermek, onur vermek;B2 ;verb;;;;
hook ;kanca, çengel;B2 ;noun;;;;
hook ;çengellemek, kancalamak;C1 ;verb;;;;
hope ;ummak, dilemek;A1 ;verb;;;;
hope ;ümit, umut;A2 ;noun;;;;
hopeful ;umutlu, ümitli;C1 ;adjective;;;;
hopefully ;ümit ederim, her þey yolunda giderse;B2 ;adverb;;;;
horizon ;ufuk, ufuk çizgisi;C1 ;noun;;;;
horn ;"boynuz
korna, klakson";C1 ;noun;;;;
horrible ;korkunç, dehþet verici;B1 ;adjective;;;;
horror ;"dehþet; korku";B1 ;noun;;;;
horse ;at;A1 ;noun;;;;
hospital ;hastane;A1 ;noun;;;;
host ;ev sahibi;B1 ;noun;;;;
host ;"aðýrlamak, misafir etmek; ev sahipliði yapmak";B2 ;verb;;;;
hostage ;rehine;C1 ;noun;;;;
hostile ;saldýrgan, düþman;C1 ;adjective;;;;
hostility ;aleyhtarlýk, düþmanlýk;C1 ;noun;;;;
hot ;"sýcak
(yiyecek) acý, acýlý";A1 ;adjective;;;;
hotel ;otel;A1 ;noun;;;;
hour ;saat;A1 ;noun;;;;
house ;ev;A1 ;noun;;;;
house ;barýndýrmak, yerleþtirmek;B2 ;verb;;;;
household ;ev, hane, hane halký;B2 ;noun;;;;
housing ;mesken;B2 ;noun;;;;
how ;nasýl, ne þekilde;A1 ;adverb;;;;
however ;ancak, ama;A1 ;adverb;;;;
huge ;"kocaman; devasa, çok, dünya kadar";A2 ;adjective;;;;
human ;"insan; insanca";A2 ;adjective;;;;
human ;insanoðlu;A2 ;noun;;;;
humanitarian ;insancýl, insani;C1 ;adjective;;;;
humanity ;insanlýk;C1 ;noun;;;;
humble ;"alçak gönüllü; mütevazý";C1 ;adjective;;;;
humorous ;"muzip; nüktedan";B2 ;adjective;;;;
humour ;"espri (anlayýþý), mizah (anlayýþý)
nüktedan, esprili";B2 ;noun;;;;
hundred ;yüz;A1 ;number;;;;
hunger ;açlýk;B2 ;noun;;;;
hungry ;aç;A1 ;adjective;;;;
hunt ;"aramak
avlanmak, avlamak";B1 ;verb;;;;
hunt ;av;B2 ;noun;;;;
hunting ;avcýlýk, avlanma;B2 ;noun;;;;
hurricane ;kasýrga;B1 ;noun;;;;
hurry ;acele, telaþ;B1 ;noun;;;;
hurry ;acele etmek, çabuk olmak;B1 ;verb;;;;
hurt ;yaralanmýþ;A2 ;adjective;;;;
hurt ;"incitmek, canýný acýtmak; zarar vermek
acýmak, acýtmak";A2 ;verb;;;;
hurt ;acý, ýstýrap;B2 ;noun;;;;
husband ;koca, eþ;A1 ;noun;;;;
hydrogen ;hidrojen;C1 ;noun;;;;
hypothesis ;varsayým, hipotez;B2 ;noun;;;;
I ;ben;A1 ;pronoun;;;;
ice ;buz;A1 ;noun;;;;
ice cream ;dondurma;A1 ;noun;;;;
icon ;" (bilgisayar) simge
ikon";B2 ;noun;;;;
ID [identification] ;"kimlik tespiti
kimlik belgesi";B2 ;noun;;;;
idea ;"fikir, öneri
düþünce, anlayýþ";A1 ;noun;;;;
ideal ;"ideal; mükemmel";A2 ;adjective;;;;
ideal ;ülkü, ideal;B2 ;noun;;;;
identical ;týpatýp ayný;B2 ;adjective;;;;
identification ;kimlik tespiti;C1 ;noun;;;;
identify ;kimliðini belirlemek, teþhis etmek;A2 ;verb;;;;
identity ;kimlik;B1 ;noun;;;;
ideological ;ideolojik;C1 ;adjective;;;;
ideology ;düþünce, ideoloji;C1 ;noun;;;;
idiot ;aptal, salak;C1 ;noun;;;;
if ;eðer;A1 ;conjunction;;;;
ignorance ;bilgisizlik, cehalet;C1 ;noun;;;;
ignore ;"bilmezlikten gelmek; görmezden gelmek, aldýrmamak";B1 ;verb;;;;
ill ;hasta;A2 ;adjective;;;;
illegal ;yasa dýþý, yasaya aykýrý;B1 ;adjective;;;;
illness ;hastalýk;A2 ;noun;;;;
illusion ;"kuruntu, hayal, yanýlgý
ilüzyon";B2 ;noun;;;;
illustrate ;resimlemek;B2 ;verb;;;;
illustration ;resim;B2 ;noun;;;;
image ;"imaj, izlenim
görüntü, imge";A2 ;noun;;;;
imagery ;imgeler;C1 ;noun;;;;
imaginary ;hayalî;B1 ;adjective;;;;
imagination ;hayal gücü, yaratýcýlýk;B2 ;noun;;;;
imagine ;hayal etmek, düþünmek, gözünde canlandýrmak;A1 ;verb;;;;
immediate ;acele;B1 ;adjective;;;;
immediately ;hemen, derhal;A2 ;adverb;;;;
immense ;büyük, muazzam;C1 ;adjective;;;;
immigrant ;göçmen;B1 ;noun;;;;
immigration ;göç, göçmenlik;B2 ;noun;;;;
imminent ;yakýnda, kapýda, eli kulaðýnda;C1 ;adjective;;;;
immune ;"baðýþýk
muaf, dokunulmazlýðý olan";B2 ;adjective;;;;
impact ;"etki
çarpma þiddeti, çarpýþma";B1 ;noun;;;;
impatient ;sabýrsýz, tahammülsüz;B2 ;adjective;;;;
implement ; (plan, sistem vb.) uygulamaya koymak, gerçekleþtirmek;B2 ;verb;;;;
implementation ;uygulama, gerçekleþtirme;C1 ;noun;;;;
implication ;muhtemel etki;B2 ;noun;;;;
imply ;"ima etmek; anlamýna gelmek, sezdirmek";B2 ;verb;;;;
import ;ithalat, ithal ettiði mal;B1 ;noun;;;;
import ;ithal etmek, dýþarýdan almak;B1 ;verb;;;;
importance ;önem;B1 ;noun;;;;
important ;önemli;A1 ;adjective;;;;
impose ;"yürürlüðe koymak, uygulamak; zorla kabul ettirmek";B2 ;verb;;;;
impossible ;imkânsýz, olanaksýz;A2 ;adjective;;;;
impress ;etkilemek, hayranlýk uyandýrmak;B2 ;verb;;;;
impressed ;etkilenmiþ;B2 ;adjective;;;;
impression ;"izlenim, fikir, kaný
taklit";B1 ;noun;;;;
impressive ;etkileyici, müthiþ;B1 ;adjective;;;;
imprison ;"hapsetmek; hapse atmak";C1 ;verb;;;;
imprisonment ;hapis;C1 ;noun;;;;
improve ;"geliþmek, ilerlemek, düzelmek; geliþtirmek, ilerletmek, düzeltmek";A1 ;verb;;;;
improvement ;"ilerleme; düzelme, iyileþme, geliþme";B1 ;noun;;;;
in ;" (yer) içinde; içine, -de; içeri, içeriye";A1 ;adverb;;;;
in ;" (yer) içinde; içine, -de; içeri, içeriye";A1 ;preposition;;;;
inability ;yetersizlik, beceriksizlik, kabiliyetsizlik;C1 ;noun;;;;
inadequate ;yetersiz, elveriþsiz;C1 ;adjective;;;;
inappropriate ;uygunsuz, yersiz;C1 ;adjective;;;;
incentive ;teþvik;B2 ;noun;;;;
inch ;inç;B2 ;noun;;;;
incidence ;oran;C1 ;noun;;;;
incident ;"olay; vukuat";B2 ;noun;;;;
inclined ;gönlü -den yana olmak;C1 ;adjective;;;;
include ;"içermek
dahil etmek, katmak";A1 ;verb;;;;
including ;dahil;A2 ;preposition;;;;
inclusion ;"katma; dahil etme";C1 ;noun;;;;
income ;gelir;B2 ;noun;;;;
incorporate ;"katmak, dahil etmek; birleþtirmek";B2 ;verb;;;;
incorrect ;"yanlýþ; hatalý";B2 ;adjective;;;;
increase ;"artýþ; çoðalma";A2 ;noun;;;;
increase ;"artmak, çoðalmak; arttýrmak, çoðaltmak";A2 ;verb;;;;
increasingly ;gitgide, gittikçe;B2 ;adverb;;;;
incredible ;"inanýlmaz; akýl almaz";A2 ;adjective;;;;
incredibly ;"muazzam; görülmemiþ";B1 ;adverb;;;;
incur ;uðramak, maruz kalmak;C1 ;verb;;;;
indeed ;gerçekten;B1 ;adverb;;;;
independence ;baðýmsýzlýk, istiklâl;B2 ;noun;;;;
independent ;"baðýmsýz
serbest, baþýna buyruk";A2 ;adjective;;;;
index ;"dizin; indeks, fihrist";B2 ;noun;;;;
indicate ;" (M) göstermek
belirtmek";B1 ;verb;;;;
indication ;"belirti; iþaret, gösterge";B2 ;noun;;;;
indicator ;gösterge;C1 ;noun;;;;
indictment ;"ayýp
iddianame, suçlama";C1 ;noun;;;;
indigenous ;yerli;C1 ;adjective;;;;
indirect ;dolaylý;B1 ;adjective;;;;
individual ;"her bir; baþlý baþýna";A2 ;adjective;;;;
individual ;"kiþi; birey";A2 ;noun;;;;
indoor ;"bina içi; kapalý (alana ait), kapalý";B1 ;adjective;;;;
indoors ;"içeriye; içeride";B1 ;adverb;;;;
induce ;ikna etmek;C1 ;verb;;;;
indulge ;"kendini birþeyin keyfinden mahrum býrakmamak; kapýlmak";C1 ;verb;;;;
industrial ;"sanayi; sýnai, endüstriyel";B2 ;adjective;;;;
industry ;sanayi, endüstri;A2 ;noun;;;;
inequality ;eþitsizlik;C1 ;noun;;;;
inevitable ;kaçýnýlmaz;B2 ;adjective;;;;
inevitably ;kaçýnýlmaz (biçimde);B2 ;adverb;;;;
infamous ;"adý kötüye çýkmýþ; namlý";C1 ;adjective;;;;
infant ;"bebek; küçük çocuk";C1 ;noun;;;;
infect ; (hastalýk, mikrop vb.) kapmak;C1 ;verb;;;;
infection ;" (hastalýk, mikrop vb.) kapma
enfeksiyon";B2 ;noun;;;;
infer ;"sonucuna varmak; anlam/sonuç çýkarmak";B2 ;verb;;;;
inflation ;enflasyon;B2 ;noun;;;;
inflict ; (genellikle istenmeyen birþeyi) vermek, uðratmak;C1 ;verb;;;;
influence ;"etki; nüfuz, sözü geçme";B1 ;noun;;;;
influence ;etkilemek;B1 ;verb;;;;
influential ;"etkili; nüfuzlu, söz sahibi";C1 ;adjective;;;;
inform ;"haber vermek; bildirmek, bilgi vermek";B2 ;verb;;;;
informal ;gündelik, gayriresmî;A2 ;adjective;;;;
information ;bilgi;A1 ;noun;;;;
infrastructure ;altyapý;B2 ;noun;;;;
ingredient ; (yemek) malzeme;B1 ;noun;;;;
inhabitant ;oturan, sakin;B2 ;noun;;;;
inherent ;doðasýnda var olan, doðasý gereði var olan;C1 ;adjective;;;;
inherit ;miras olarak almak;B2 ;verb;;;;
inhibit ;"engellemek; yavaþlatmak";C1 ;verb;;;;
initial ;"ilk; baþlangýç";B2 ;adjective;;;;
initially ;"baþlangýçta; ilkin";B2 ;adverb;;;;
initiate ;"baþlatmak
yol göstermek";C1 ;verb;;;;
initiative ;"giriþim
inisiyatif";B2 ;noun;;;;
inject ;þýrýnga etmek;C1 ;verb;;;;
injection ;"enjeksiyon; iðne";C1 ;noun;;;;
injure ;yaralamak, incitmek;B1 ;verb;;;;
injured ;yaralanmýþ, incinmiþ;B1 ;adjective;;;;
injury ;"zarar; yara; zedelenme, incitme";A2 ;noun;;;;
injustice ;"adaletsizlik; haksýzlýk";C1 ;noun;;;;
ink ;mürekkep;B2 ;noun;;;;
inmate ; (hapishane, hastane vb.) sakin;C1 ;noun;;;;
inner ;iç;B2 ;adjective;;;;
innocent ;"suçsuz; masum";B1 ;adjective;;;;
innovation ;yenilik;B2 ;noun;;;;
innovative ;yenilikçi;B2 ;adjective;;;;
input ;katký;B2 ;noun;;;;
inquiry [enquiry] ;araþtýrma;B2 ;noun;;;;
insect ;böcek;A2 ;noun;;;;
insert ;sokmak, yerleþtirmek;B2 ;verb;;;;
insertion ;sokma, yerleþtirme;C1 ;noun;;;;
inside ;iç;A2 ;adjective;;;;
inside ;"içeride; içeriye";A2 ;adverb;;;;
inside ;"iç; içeri";A2 ;noun;;;;
inside ;"içinde; içeride";A2 ;preposition;;;;
insider ;mensup, içinde olan, içerisinde olan;C1 ;noun;;;;
insight ;"(iç yüzünü) kavrama yeteneði, anlama yeteneði; görüþ";B2 ;noun;;;;
insist ;ýsrar etmek;B2 ;verb;;;;
inspect ;"incelemek
teftiþ etmek, denetlemek";C1 ;verb;;;;
inspection ;"inceleme; teftiþ, denetleme";C1 ;noun;;;;
inspector ;"müfettiþ, denetçi
komiser/baþkomiser";B2 ;noun;;;;
inspiration ;esin, ilham;C1 ;noun;;;;
inspire ;esinlemek, ilham vermek;B2 ;verb;;;;
install ;takmak, kurmak;B2 ;verb;;;;
installation ;kurma, yerleþtirme;B2 ;noun;;;;
instance ;"örnek; vaka";B2 ;noun;;;;
instant ;"âni, acil; anlýk, anýnda";B2 ;adjective;;;;
instantly ;"hemen; anýnda";B2 ;adverb;;;;
instead ;yerine;A2 ;adverb;;;;
instinct ;içgüdü;C1 ;noun;;;;
institute ;enstitü, kurum;B2 ;noun;;;;
institution ;"kuruluþ; kurum";B2 ;noun;;;;
institutional ;kurumsal;C1 ;adjective;;;;
instruct ;"talimat vermek
eðitmek, öðretmek";C1 ;verb;;;;
instruction ;talimat;A2 ;noun;;;;
instructor ;"eðitmen; öðretmen";A2 ;noun;;;;
instrument ;"araç, âlet
(müzik) alet";A2 ;noun;;;;
instrumental ;"aracý; vasýta
enstrümental";C1 ;adjective;;;;
insufficient ;yetersiz;C1 ;adjective;;;;
insult ;hakaret;C1 ;noun;;;;
insult ;hakaret etmek;C1 ;verb;;;;
insurance ;sigorta;B2 ;noun;;;;
intact ;saðlam, bozulmamýþ;C1 ;adjective;;;;
intake ; (yiyecek, içecek) alýnan miktar;C1 ;noun;;;;
integral ; (öðe vb.) ana, esas, tamamlayýcý;C1 ;adjective;;;;
integrate ;birleþtirmek;B2 ;verb;;;;
integration ;"kaynaþtýrma, bütünleþtirme; kaynaþma, bütünleþme";C1 ;noun;;;;
integrity ;"dürüstlük; doðruluk, erdem";C1 ;noun;;;;
intellectual ;zihinsel;B2 ;adjective;;;;
intellectual ;"aydýn; entelektüel";C1 ;noun;;;;
intelligence ;"zekâ
istihbarat";B1 ;noun;;;;
intelligent ;zeki, akýllý;A2 ;adjective;;;;
intend ;tasarlamak, niyetlenmek;B1 ;verb;;;;
intended ;istenen, hedeflenen;B2 ;adjective;;;;
intense ;"þiddetli, yoðun; ciddi";B2 ;adjective;;;;
intensify ;"þiddetlenmek, yoðunlaþmak; þiddetlendirmek, yoðunlaþtýrmak";C1 ;verb;;;;
intensity ;þiddet, yoðunluk;C1 ;noun;;;;
intensive ;yoðun;C1 ;adjective;;;;
intent ;niyet;C1 ;noun;;;;
intention ;niyet, tasarý, amaç;B1 ;noun;;;;
interact ;etkileþmek;B2 ;verb;;;;
interaction ;etkileþim;B2 ;noun;;;;
interactive ;etkileþimli;C1 ;adjective;;;;
interest ;"ilgi
merak";A1 ;noun;;;;
interest ;ilgilendirmek, merakýný uyandýrmak;A1 ;verb;;;;
interested ;ilgili, meraklý;A1 ;adjective;;;;
interesting ;ilgi çekici, ilginç;A1 ;adjective;;;;
interface ;" (bilgisayar) arayüz
çakýþma noktasý";C1 ;noun;;;;
interfere ;"karýþmak; burnunu sokmak
müdahale etmek, araya
girmek";C1 ;verb;;;;
interference ;müdahale, burnunu sokma;C1 ;noun;;;;
interim ;geçici;C1 ;adjective;;;;
interior ;iç;C1 ;adjective;;;;
interior ;iç;C1 ;noun;;;;
intermediate ;"ara
orta";C1 ;adjective;;;;
internal ;iç;B2 ;adjective;;;;
international ;uluslararasý;A2 ;adjective;;;;
internet ;Ýnternet;A1 ;noun;;;;
interpret ;"yorumlamak
çevirmek, tercüme etmek";B2 ;verb;;;;
interpretation ;yorum;B2 ;noun;;;;
interrupt ;sözünü kesmek, araya girmek;B2 ;verb;;;;
interval ;ara;B2 ;noun;;;;
intervene ;araya girmek, müdahale etmek;C1 ;verb;;;;
intervention ;müdahale;C1 ;noun;;;;
interview ;"mülakat, görüþme
röportaj";A1 ;noun;;;;
interview ;görüþme yapmak, mülakat yapmak;A1 ;verb;;;;
intimate ;"yakýn, içli dýþlý, samimi
özel, mahrem";C1 ;adjective;;;;
into ;içeri, -e;A1 ;preposition;;;;
intriguing ;"merak uyandýrýcý; büyüleyici";C1 ;adjective;;;;
introduce ;"tanýþtýrmak
kendini tanýtmak";A1 ;verb;;;;
introduction ;"ortaya çýkma, kullanýlmaya baþlama
tanýþtýrma, takdim
giriþ";A2 ;noun;;;;
invade ;istila etmek, iþgal etmek;B2 ;verb;;;;
invasion ;istila;B2 ;noun;;;;
invent ;"bulmak; icat etmek";A2 ;verb;;;;
invention ;icat, buluþ;A2 ;noun;;;;
invest ; (para) yatýrmak, yatýrým yapmak;B1 ;verb;;;;
investigate ;soruþturmak, araþtýrmak;B1 ;verb;;;;
investigation ;soruþturma, araþtýrma;B2 ;noun;;;;
investigator ;araþtýrýcý;C1 ;noun;;;;
investment ;"yatýrým; yatýrýlan para";B2 ;noun;;;;
investor ;yatýrýmcý;B2 ;noun;;;;
invisible ;görünmez;C1 ;adjective;;;;
invitation ;"davetiye; çaðrý";A2 ;noun;;;;
invite ;davet etmek;A2 ;verb;;;;
involve ;"gerektirmek
yer almak, karýþmak, bulaþmak";A2 ;verb;;;;
involved ;bulaþmak, yakýndan ilgilenmek;B1 ;adjective;;;;
involvement ;ilgi, baðlantý;C1 ;noun;;;;
iron ;"demir
ütü";B1 ;noun;;;;
iron ;ütülemek;B1 ;verb;;;;
ironic ;kinayeli, alaylý, cinaslý;C1 ;adjective;;;;
ironically ;"kinayeli biçimde; ne garip ki";C1 ;adverb;;;;
irony ;gariplik, tuhaflýk;C1 ;noun;;;;
irrelevant ;ilgisiz, konu dýþý;C1 ;adjective;;;;
island ;ada;A1 ;noun;;;;
isolate ;tecrit etmek;B2 ;verb;;;;
isolated ;"soyutlanmýþ; ücra";B2 ;adjective;;;;
isolation ;"yalnýzlýk; tecrit";C1 ;noun;;;;
issue ;"konu
baský, sayý";B1 ;noun;;;;
issue ;vermek, daðýtmak;B2 ;verb;;;;
it ; (cansýzlar, hayvanlar) o;A1 ;pronoun;;;;
IT [information technology] ;bilgi teknolojisi;B1 ;noun;;;;
item ;"parça, kalem; madde";A2 ;noun;;;;
its ; (cansýzlar, hayvanlar) onun;A1 ;determiner;;;;
itself ;"kendisi; kendisini; kendisine";A2 ;pronoun;;;;
jacket ;ceket;A1 ;noun;;;;
jail ;hapsetmek;B2 ;verb;;;;
jail [prison] ;hapishane, cezaevi;B2 ;noun;;;;
jam ;reçel;A2 ;noun;;;;
January ;Ocak;A1 ;noun;;;;
jazz ;caz;A2 ;noun;;;;
jeans ;blucin;A1 ;noun;;;;
jet ;jet;B2 ;noun;;;;
jewellery ;mücevherat, kuyum;A2 ;noun;;;;
job ;iþ;A1 ;noun;;;;
join ;"birleþtirmek
katýlmak, üye olmak";A1 ;verb;;;;
joint ;ortak;B2 ;adjective;;;;
joint ;eklem;B2 ;noun;;;;
joke ;fýkra, þaka;A2 ;noun;;;;
joke ;"þakalaþmak; eðlenmek";A2 ;verb;;;;
journal ;"(meslekî) dergi
günlük";B1 ;noun;;;;
journalism ;gazetecilik;B2 ;noun;;;;
journalist ;gazeteci;A2 ;noun;;;;
journey ;yolculuk;A1 ;noun;;;;
joy ;neþe, mutluluk;B2 ;noun;;;;
judge ;hakim, yargýç;B1 ;noun;;;;
judge ;"hüküm vermek; deðerlendirmek";B1 ;verb;;;;
judgement ;"doðru karar verme yeteneði
hüküm, karar";B2 ;noun;;;;
judicial ;adli, hukuki;C1 ;adjective;;;;
juice ;meyve, sebze suyu;A1 ;noun;;;;
July ;Temmuz;A1 ;noun;;;;
jump ;sýçrayýþ, atlama;A2 ;noun;;;;
jump ;atlamak, sýçramak;A2 ;verb;;;;
junction ;kavþak;C1 ;noun;;;;
June ;Haziran;A1 ;noun;;;;
junior ;düþük rütbeli, kýdemsiz, ast;B2 ;adjective;;;;
jurisdiction ;yetki alaný;C1 ;noun;;;;
jury ;mahkeme jürisi;B2 ;noun;;;;
just ;"tam, tam tamýna
yeni, henüz";A1 ;adverb;;;;
just ;adil, hakça;C1 ;adjective;;;;
justice ;"adalet
hukuk";B2 ;noun;;;;
justification ;"gerekçe; mazeret";C1 ;noun;;;;
justify ;haklý çýkarmak, mazur göstermek;B2 ;verb;;;;
keen ;hevesli, istekli, meraklý;B1 ;adjective;;;;
keep ;"kalmak, durmak
tutmak";A1 ;verb;;;;
key ;"temel; ana, kilit";A1 ;adjective;;;;
key ;anahtar;A1 ;noun;;;;
key ; (bilgisayar) girmek, iþlemek;B1 ;verb;;;;
keyboard ;klavye;B1 ;noun;;;;
kick ;"tekme; tekme vuruþu";B1 ;noun;;;;
kick ;tekmelemek, tekme atmak;B1 ;verb;;;;
kid ;çocuk;A2 ;noun;;;;
kidnap ;kaçýrmak;C1 ;verb;;;;
kidney ; (vücut) böbrek;C1 ;noun;;;;
kill ;"öldürmek; katletmek";A2 ;verb;;;;
killing ;cinayet;B1 ;noun;;;;
kilometre ;kilometre;A1 ;noun;;;;
kind ;"tür; çeþit";A1 ;noun;;;;
kind ;"nazik, iyi; sevecen";B1 ;adjective;;;;
king ;"kral
(satranç) þah";A2 ;noun;;;;
kingdom ;"krallýk; kraliyet";C1 ;noun;;;;
kiss ;öpücük;B1 ;noun;;;;
kiss ;öpmek;B1 ;verb;;;;
kit ;takým;B2 ;noun;;;;
kitchen ;mutfak;A1 ;noun;;;;
knee ;diz;A2 ;noun;;;;
knife ;býçak;A2 ;noun;;;;
knock ;"çalmak, týklatmak
vurmak, devirmek, çarpmak";A2 ;verb;;;;
knock ;darbe, vurma;B1 ;noun;;;;
know ;"bilmek
tanýmak, bilmek, aþina olmak";A1 ;verb;;;;
knowledge ;bilgi;A2 ;noun;;;;
lab [laboratory] ;laboratuvar;A2 ;noun;;;;
label ;etiket;B1 ;noun;;;;
label ;etiket yapýþtýrmak;B1 ;verb;;;;
laboratory ;laboratuvar;B1 ;noun;;;;
labour ;"iþ, emek
iþçi, iþ gücü";B2 ;noun;;;;
lack ;yokluk, eksiklik;B1 ;noun;;;;
lack ;-den yoksun olmak, muhtaç olmak;B1 ;verb;;;;
lad ;delikanlý;C1 ;noun;;;;
ladder ;seyyar merdiven;B2 ;noun;;;;
lady ;haným, bayan;A2 ;noun;;;;
lake ;göl;A2 ;noun;;;;
lamp ;lamba;A2 ;noun;;;;
land ;"kara
toprak, arazi, arsa";A1 ;noun;;;;
land ;"yere inmek; yere indirmek";A2 ;verb;;;;
landing ;"sahanlýk
iniþ";B2 ;noun;;;;
landlord ;ev sahibi/sahibesi, pansiyoncu;C1 ;noun;;;;
landmark ;nirengi noktasý;C1 ;noun;;;;
landscape ;manzara;B2 ;noun;;;;
lane ;"ara yol, kýr yolu
kulvar";B2 ;noun;;;;
language ;dil, lisan;A1 ;noun;;;;
lap ;"kucak
ethap, tur";C1 ;noun;;;;
laptop ;dizüstü bilgisayar;A2 ;noun;;;;
large ;büyük;A1 ;adjective;;;;
largely ;büyük ölçüde;B2 ;adverb;;;;
large-scale ;büyük çapta, büyük çaplý;C1 ;adjective;;;;
laser ;lazer;C1 ;noun;;;;
last ;son;A1 ;determiner;;;;
last ;sonuncu, sonda;A2 ;adverb;;;;
last ;sonuncu;A2 ;noun;;;;
last ;"sürmek
dayanmak";A2 ;verb;;;;
late ;sonlarý, sonu, -in geç saatleri, geç;A1 ;adjective;;;;
late ;sonlarý, sonu, -in geç saatleri, geç;A1 ;adverb;;;;
lately ;son zamanlarda;B2 ;adverb;;;;
later ;"daha sonra; sonra";A1 ;adverb;;;;
later ;sonraki;A2 ;adjective;;;;
latest ;en son;B1 ;adjective;;;;
latest ;"en son haberler, moda, aletler vb.
en geç";B2 ;noun;;;;
latter ;ikinci, son;C1 ;adjective;;;;
latter ;ikincisi;C1 ;noun;;;;
laugh ;gülme, kahkaha;A1 ;noun;;;;
laugh ;gülmek;A1 ;verb;;;;
laughter ;kahkaha;A2 ;noun;;;;
launch ;"suya indirme; uzaya fýrlatma; piyasaya sürme";B2 ;noun;;;;
launch ;"baþlatmak; (ürün vb.) piyasaya sürmek, çýkarmak";B2 ;verb;;;;
law ;"yasa, kanun
hukuk";A2 ;noun;;;;
lawn ;"çim; çimen";C1 ;noun;;;;
lawsuit ;dava;C1 ;noun;;;;
lawyer ;avukat;A2 ;noun;;;;
lay ;"yatýrmak, sermek, koymak
döþemek";B1 ;verb;;;;
layer ;tabaka, kat, katman;B1 ;noun;;;;
layout ;plan, düzen;C1 ;noun;;;;
lazy ;tembel, miskin;A2 ;adjective;;;;
lead ;"yol göstermek, götürmek
yönetmek, lider olmak";A2 ;verb;;;;
lead ;"birincilik, öncülük
baþrol";B1 ;noun;;;;
leader ;"lider; önder";A2 ;noun;;;;
leadership ;liderlik;B2 ;noun;;;;
leading ;önde gelen, önemli;B1 ;adjective;;;;
leaf ;yaprak;B1 ;noun;;;;
leaflet ;broþür;B2 ;noun;;;;
league ;lig;B2 ;noun;;;;
leak ;"çatlak, yarýk
sýzýntý";C1 ;noun;;;;
leak ;"sýzdýrmak, kaçýrmak; … kaçaðý olmak";C1 ;verb;;;;
lean ;"eðilmek; (yana, öne, vb.) yatmak
yaslanmak, dayanmak";B2 ;verb;;;;
leap ;atlayýþ, sýçrayýþ;C1 ;noun;;;;
leap ;atlamak, zýplamak, sýçramak;C1 ;verb;;;;
learn ;öðrenmek;A1 ;verb;;;;
learning ;öðrenme;A2 ;noun;;;;
least ;en az;A2 ;adverb;;;;
least ;en az;A2 ;determiner;;;;
least ;en az;A2 ;pronoun;;;;
leather ;deri;B1 ;noun;;;;
leave ;ayrýlmak, býrakmak, terk etmek;A1 ;verb;;;;
leave ;izin;B2 ;noun;;;;
lecture ;"konuþma, konferans
nutuk";A2 ;noun;;;;
lecture ;"konuþma yapmak, konferans vermek; diskur çekmek, nutuk çekmek";A2 ;verb;;;;
left ;"sol
kalmýþ";A1 ;adjective;;;;
left ;sola, sola doðru;A1 ;adverb;;;;
left ;sol;A1 ;noun;;;;
leg ;bacak;A1 ;noun;;;;
legacy ;miras;C1 ;noun;;;;
legal ;yasal, hukuki;B1 ;adjective;;;;
legend ;destan, efsane;B2 ;noun;;;;
legendary ;efsanevi, destansý;C1 ;adjective;;;;
legislation ;"yasalar, mevzuat
yasama";C1 ;noun;;;;
legislative ;yasamaya iliþkin;C1 ;adjective;;;;
legislature ;yasama organý;C1 ;noun;;;;
legitimate ;mantýklý, yerinde, geçerli;C1 ;adjective;;;;
leisure ;boþ zaman;B1 ;noun;;;;
lemon ;limon;A2 ;noun;;;;
lend ;ödünç vermek, borç vermek;A2 ;verb;;;;
length ;"uzunluk, boy
süre";B1 ;noun;;;;
lengthy ;uzun süren;C1 ;adjective;;;;
lens ;mercek;B2 ;noun;;;;
lesbian ;sevici lezbiyen;C1 ;adjective;;;;
less ;daha az;A2 ;adverb;;;;
less ;daha az;A2 ;determiner;;;;
less ;daha az;A2 ;pronoun;;;;
lesser ;daha az, daha önemsiz, daha küçük;C1 ;adjective;;;;
lesson ;ders;A1 ;noun;;;;
let ;"meydan vermek
izin vermek";A1 ;verb;;;;
lethal ;öldürücü;C1 ;adjective;;;;
letter ;"mektup
harf";A1 ;noun;;;;
level ;oran, düzey;A2 ;noun;;;;
level ;düz, düzgün;B1 ;adjective;;;;
level ;düzleþtirmek, eþitlemek, bir hizaya getirmek;B2 ;verb;;;;
liable ;"sorumlu, yükümlü
yatkýn, olmasý muhtemel";C1 ;adjective;;;;
liberal ;açýk fikirli, liberal;C1 ;adjective;;;;
liberal ;liberal;C1 ;noun;;;;
liberation ;kurtuluþ;C1 ;noun;;;;
liberty ;özgürlük;C1 ;noun;;;;
library ;kütüphane;A1 ;noun;;;;
licence ;"ehliyet, ruhsat
yetki";B2 ;noun;;;;
license ;ruhsat vermek, yetki vermek;C1 ;verb;;;;
lie ;yalan söylemek;A1 ;verb;;;;
lie ;yalan;B1 ;noun;;;;
lie ;yalan söylemek;B1 ;verb;;;;
life ;"hayat, yaþam
hayat, canlý, canlýlýk";A1 ;noun;;;;
lifelong ;ömür boyu;C1 ;adjective;;;;
lifestyle ;yaþam tarzý;A2 ;noun;;;;
lifetime ;ömür;B2 ;noun;;;;
lift ;"asansör
arabayla býrakmak";A2 ;noun;;;;
lift ;kaldýrmak, havaya kaldýrmak;A2 ;verb;;;;
light ;"aydýnlýk
hafif, kolay";A1 ;adjective;;;;
light ;ýþýk;A1 ;noun;;;;
light ;"yanmak; yakmak
aydýnlatmak";A2 ;verb;;;;
lighting ;ýþýklandýrma, aydýnlatma;B2 ;noun;;;;
like ;benzer, gibi;A1 ;preposition;;;;
like ;hoþlanmak, sevmek, beðenmek;A1 ;verb;;;;
like ;hoþlandýklarým;B1 ;noun;;;;
likelihood ;ihtimal, olasýlýk;C1 ;noun;;;;
likely ;"muhtemel, olasý
uygun";A2 ;adjective;;;;
likewise ;ayný þekilde;B2 ;adverb;;;;
limb ;kol, bacak;C1 ;noun;;;;
limit ;sýnýr, had;B1 ;noun;;;;
limit ;sýnýrlamak, sýnýrlandýrmak;B1 ;verb;;;;
limitation ;sýnýrlama, sýnýrlandýrma;B2 ;noun;;;;
limited ;sýnýrlý;B2 ;adjective;;;;
line ;"çizgi, hat
sýra, kuyruk, satýr, mýsra";A1 ;noun;;;;
line ;"astarlamak
sýralanmak, dizilmek";B2 ;verb;;;;
line up ;sýraya dizilmek, sýraya dizmek;C1 ;noun;;;;
linger ;oyalanmak;C1 ;verb;;;;
link ;bað, baðlantý;A2 ;noun;;;;
link ;baðlamak, arasýnda bað kurmak;A2 ;verb;;;;
lion ;aslan;A1 ;noun;;;;
lip ;dudak;B1 ;noun;;;;
liquid ;sývý;B1 ;adjective;;;;
liquid ;sývý;B1 ;noun;;;;
list ;liste;A1 ;noun;;;;
list ;liste yapmak, sýralamak, listeye koymak;A1 ;verb;;;;
listen ;dinlemek;A1 ;verb;;;;
listener ;dinleyici;A2 ;noun;;;;
literacy ;okur yazarlýk;C1 ;noun;;;;
literally ;kelimesi kelimesine;B2 ;adverb;;;;
literary ;edebî, yazýnsal;B2 ;adjective;;;;
literature ;edebiyat, yazýn;B1 ;noun;;;;
litre ;litre;B2 ;noun;;;;
litter ;çöp;B2 ;noun;;;;
little ;küçük, ufak;A1 ;adjective;;;;
little ;"az
biraz, birazcýk";A1 ;determiner;;;;
little ;az;A1 ;pronoun;;;;
little ;az;A2 ;adverb;;;;
live ;oturmak, yaþamak;A1 ;verb;;;;
live ;canlý, diri;B1 ;adjective;;;;
live ; (yayýn) naklen, canlý;B1 ;adverb;;;;
lively ;canlý, ateþli, hareketli;B2 ;adjective;;;;
liver ;karaciðer;C1 ;noun;;;;
living ;"yaþayan, sað
yaþama";B1 ;adjective;;;;
living ;geçim, geçinme;B1 ;noun;;;;
load ;yük;B2 ;noun;;;;
load ;"yüklenmek, doldurulmak; yüklemek, doldurmak, eli kollu dolu olmak, elini kolunu doldurmak";B2 ;verb;;;;
loan ;borç, ödünç (para);B2 ;noun;;;;
lobby ;lobi, giriþ;C1 ;noun;;;;
lobby ;kulis yapmak;C1 ;verb;;;;
local ;bölgesel, mahalli, yöresel;A1 ;adjective;;;;
local ;yerli halktan, yöre halkýndan;B1 ;noun;;;;
locate ;yerini belirlemek, yerini bulmak;B1 ;verb;;;;
located ;bulunmak;B1 ;adjective;;;;
location ;yer, konum;B1 ;noun;;;;
lock ;kilit;A2 ;noun;;;;
lock ;"kilitlemek; kilitlenmek
hapise atmak";A2 ;verb;;;;
log ;aðaç kütüðü;C1 ;noun;;;;
log ; (resmî olarak) kaydetmek;C1 ;verb;;;;
logic ;mantýk;C1 ;noun;;;;
logical ;mantýklý, mantýða uygun;B2 ;adjective;;;;
logo ;amblem;B2 ;noun;;;;
lonely ;yalnýz, kimsesiz;B1 ;adjective;;;;
long ;uzun;A1 ;adjective;;;;
long ;uzun süre;A1 ;adverb;;;;
long-standing ;uzun süreli;C1 ;adjective;;;;
long-term ;uzun vadeli;B2 ;adjective;;;;
look ;bakmak;A1 ;verb;;;;
look ;"bakma, bakýþ
ifade, görünüþ";A2 ;noun;;;;
loom ;heyulâ gibi belirmek/yükselmek;C1 ;verb;;;;
loop ;ilmek, halka;C1 ;noun;;;;
loose ;"serbest
gevþek";B2 ;adjective;;;;
lord ;"Lord
Ýsa, Tanrý";B2 ;noun;;;;
lorry ;kamyon;A2 ;noun;;;;
lose ;kaybetmek;A1 ;verb;;;;
loss ;"kayýp
zarar";B1 ;noun;;;;
lost ;kayýp;A2 ;adjective;;;;
lot ;çok daha, hayli;A1 ;adverb;;;;
lot ;çok;A1 ;determiner;;;;
lot ;"çok miktarda; çok sayýda";A1 ;pronoun;;;;
lottery ;piyango;B2 ;noun;;;;
loud ;"gürültülü; yüksek sesli";A2 ;adjective;;;;
loud ;"gürültülü; yüksek sesli";A2 ;adverb;;;;
loudly ;"yüksek sesle; gürültüyle";A2 ;adverb;;;;
love ;aþk;A1 ;noun;;;;
love ;sevmek;A1 ;verb;;;;
lovely ;"güzel; hoþ";A2 ;adjective;;;;
low ;"aþaðýda; aþaðýya";A2 ;adjective;;;;
low ;"aþaðýda; aþaðýya
düþük";A2 ;adverb;;;;
low ; (seviye, rakam vb.) düþük;B2 ;noun;;;;
lower ;"indirmek
azaltmak";B2 ;verb;;;;
loyal ;sadýk;B2 ;adjective;;;;
loyalty ;sadakat;C1 ;noun;;;;
luck ;þans;A2 ;noun;;;;
lucky ;talihli;A2 ;adjective;;;;
lunch ;öðle yemeði;A1 ;noun;;;;
lung ;akciðer;B2 ;noun;;;;
luxury ;lüks, konfor;B1 ;noun;;;;
machine ;makina;A1 ;noun;;;;
machinery ;"makinalar; mekanizma";C1 ;noun;;;;
mad ;"deli; akýl hastasý
kýzgýn";B1 ;adjective;;;;
magazine ;dergi;A1 ;noun;;;;
magic ;sihirli;B1 ;adjective;;;;
magic ;sihir, büyü;B1 ;noun;;;;
magical ;sihirli;C1 ;adjective;;;;
magistrate ;sulh hukuk hakimi;C1 ;noun;;;;
magnetic ;manyetik;C1 ;adjective;;;;
magnificent ;muhteþem, görkemli;B2 ;adjective;;;;
magnitude ;"büyüklük; önem";C1 ;noun;;;;
mail ;posta;A2 ;noun;;;;
mail ;postalamak;A2 ;verb;;;;
main ;"asýl; baþlýca, ana";A1 ;adjective;;;;
mainland ;ana kara;C1 ;noun;;;;
mainly ;çoðunlukla;B1 ;adverb;;;;
mainstream ;merkez;C1 ;noun;;;;
maintain ;"sürdürmek; korumak; saðlamak";B2 ;verb;;;;
maintenance ;bakým;C1 ;noun;;;;
major ;"büyük; ciddi; önemli
majör ";A2 ;adjective;;;;
majority ;"çoðunluk
oy çokluðu";B2 ;noun;;;;
make ;"yapmak; üretmek";A1 ;verb;;;;
make ;marka;B2 ;noun;;;;
make-up ;makyaj;B2 ;noun;;;;
making ;yapým;B2 ;noun;;;;
male ;erkek;A2 ;adjective;;;;
male ;erkek;A2 ;noun;;;;
mall [shopping centre] ;alýþveriþ merkezi;B1 ;noun;;;;
man ;adam;A1 ;noun;;;;
manage ;"becermek; yolunu bulmak";A2 ;verb;;;;
management ;yönetim;B1 ;noun;;;;
manager ;"yönetici, âmir
menajer";A2 ;noun;;;;
mandate ;hak ve yetki;C1 ;noun;;;;
mandatory ;zorunlu;C1 ;adjective;;;;
manifest ;"göstermek, belli etmek; kendini belli etmek";C1 ;verb;;;;
manipulate ;yönlendirmek;C1 ;verb;;;;
manipulation ;"yönlendirme; idare etme";C1 ;noun;;;;
manner ;"tarz
tavýr";A2 ;noun;;;;
manufacture ;imal etmek;B2 ;verb;;;;
manufacturing ;imâlat sanayi;B2 ;noun;;;;
manuscript ;müsvedde;C1 ;noun;;;;
many ;"çok; birçok";A1 ;determiner;;;;
many ;"çok; birçok";A1 ;pronoun;;;;
map ;harita;A1 ;noun;;;;
map ;harita çizmek;B2 ;verb;;;;
marathon ;maraton;B2 ;noun;;;;
March ;Mart;A1 ;noun;;;;
march ;"protesto yürüyüþü
asker yürüyüþü";C1 ;noun;;;;
march ;uygun adým yürümek;C1 ;verb;;;;
margin ;" (sayfa kenarlarýndaki ) boþluk
kar marjý";B2 ;noun;;;;
marginal ;küçük, önemsiz;C1 ;adjective;;;;
marine ;denize ait, deniz;C1 ;adjective;;;;
mark ;"iz; leke";A2 ;noun;;;;
mark ;iþaretlemek;A2 ;verb;;;;
marker ;iþaret;B2 ;noun;;;;
market ;"pazar; çarþý";A1 ;noun;;;;
market ;pazarlamak;B1 ;verb;;;;
marketing ;pazarlama;B1 ;noun;;;;
marketplace ;piyasa;C1 ;noun;;;;
marriage ;evlilik;B1 ;noun;;;;
married ;evli;A1 ;adjective;;;;
marry ;evlenmek;A2 ;verb;;;;
martial ;askeri;B2 ;adjective;;;;
mask ;maske;C1 ;noun;;;;
mass ;kitle, toplu;B2 ;adjective;;;;
mass ;yýðýn, çok miktarda;B2 ;noun;;;;
massacre ;katliam, kýyým;C1 ;noun;;;;
massive ;muazzam;B2 ;adjective;;;;
master ;"usta, iþinin eri
sahip, efendi";B2 ;noun;;;;
master ;iyice öðrenmek;B2 ;verb;;;;
match ;"kibrit
maç";A1 ;noun;;;;
match ;"uymak
eþleþtirmek";A1 ;verb;;;;
matching ;uyumlu;B2 ;adjective;;;;
mate ;arkadaþ, ahbap;B2 ;noun;;;;
mate ;çiftleþmek;B2 ;verb;;;;
material ;"kumaþ
madde, malzeme";A2 ;noun;;;;
material ;maddi;B2 ;adjective;;;;
mathematical ;matematiðe ait;C1 ;adjective;;;;
mathematics ;matematik;A2 ;noun;;;;
matter ;konu, sorun, mesele;A2 ;noun;;;;
matter ;önemli olmak;A2 ;verb;;;;
mature ;olgun;C1 ;adjective;;;;
mature ;olgunlaþmak;C1 ;verb;;;;
maximize ;azami derecede arttýrmak;C1 ;verb;;;;
maximum ;azami;B2 ;noun;;;;
May ;Mayýs;A1 ;noun;;;;
may ;-ebilmek;A2 ;modal verb;;;;
maybe ;belki;A1 ;adverb;;;;
mayor ;belediye baþkaný;B2 ;noun;;;;
me ;"beni; bana";A1 ;pronoun;;;;
meal ;"yemek; öðün";A1 ;noun;;;;
mean ;"demek; göstermek, ifade etmek
kast etmek";A1 ;verb;;;;
meaning ;anlam;A1 ;noun;;;;
meaningful ;anlamlý;C1 ;adjective;;;;
means ;"vasýta, yol
varlýk, para";B2 ;noun;;;;
meantime ;bu arada;C1 ;noun;;;;
meanwhile ;"bu arada; o sýrada";B1 ;adverb;;;;
measure ;"tedbir, önlem
derece";B1 ;noun;;;;
measure ;ölçmek;B1 ;verb;;;;
measurement ;ölçüm;B2 ;noun;;;;
meat ;et;A1 ;noun;;;;
mechanic ;tamirci, teknisyen;B2 ;noun;;;;
mechanical ;"makinaya ait; mekanik";B2 ;adjective;;;;
mechanism ;mekanizma;B2 ;noun;;;;
medal ;madalya;B2 ;noun;;;;
media ;kitle iletiþim araçlarý;A2 ;noun;;;;
medical ;"týbba ait; týbbi";A2 ;adjective;;;;
medication ;doktorun yazdýðý ilaç, reçete;B2 ;noun;;;;
medicine ;týp;A2 ;noun;;;;
medieval ;ortaçaða ait, ortaçað;C1 ;adjective;;;;
meditation ;meditasyon;C1 ;noun;;;;
medium ;"orta
orta piþmiþ";B1 ;adjective;;;;
medium ;"iletiþim aracý
orta boy";B2 ;noun;;;;
meet ;"karþýlaþmak, bir araya gelmek
tanýþmak, tanýmak";A1 ;verb;;;;
meeting ;toplantý;A1 ;noun;;;;
melody ;"þarký, ezgi; melodi, naðme";C1 ;noun;;;;
melt ;"erimek; eritmek";B2 ;verb;;;;
member ;üye;A1 ;noun;;;;
membership ;üyelik;B2 ;noun;;;;
memo ;genelge;C1 ;noun;;;;
memoir ;hatýrat, aný;C1 ;noun;;;;
memorable ;unutulmaz, anýlardan silinmeyecek;B2 ;adjective;;;;
memorial ;anýt;C1 ;noun;;;;
memory ;hafýza;A2 ;noun;;;;
mental ;"zihne ait; zihinsel
akýl hastalýklarýna ait";B1 ;adjective;;;;
mention ;"söylemek; bahsetmek";A2 ;verb;;;;
mention ;bahis;B1 ;noun;;;;
menu ;yemek listesi, menü;A1 ;noun;;;;
merchant ;tüccar;C1 ;noun;;;;
mercy ;merhamet, insaf;C1 ;noun;;;;
mere ;sadece, ancak;C1 ;adjective;;;;
merely ;yalnýzca;C1 ;adverb;;;;
merge ;birleþmek, kaynaþmak;C1 ;verb;;;;
merger ;birleþtirme, kaynaþtýrma;C1 ;noun;;;;
merit ;deðer;C1 ;noun;;;;
mess ;"daðýnýklýk, kir pas; daðýnýk, leþ";B1 ;noun;;;;
message ;mesaj;A1 ;noun;;;;
metal ;maden;A2 ;noun;;;;
metaphor ;benzetme, istiare, eðretileme;B2 ;noun;;;;
method ;"yol; yöntem";A2 ;noun;;;;
methodology ;yöntem;C1 ;noun;;;;
metre ;metre;A1 ;noun;;;;
middle ;orta;A2 ;adjective;;;;
middle ;orta;A2 ;noun;;;;
midnight ;geceyarýsý;A1 ;noun;;;;
midst ;"orta; ara";C1 ;noun;;;;
might ;"*mümkün olmak, olasý olmak
Geç kalabileceðini söyledi.";A2 ;modal verb;;;;
migration ;göç;C1 ;noun;;;;
mild ;yumuþak, hafif;B1 ;adjective;;;;
mile ;mil, 1,61 km;A1 ;noun;;;;
militant ;militan gibi, savaþçý;C1 ;adjective;;;;
militant ;militan;C1 ;noun;;;;
military ;"askerlik; askerî";B2 ;adjective;;;;
militia ;milis kuvvetleri;C1 ;noun;;;;
milk ;süt;A1 ;noun;;;;
mill ;deðirmen;C1 ;noun;;;;
million ;milyon;A1 ;number;;;;
mind ;"akýl; zihin, zekâ";A2 ;noun;;;;
mind ;"rahatsýz olmak; aldýrmak
göz kulak olmak";A2 ;verb;;;;
mine ;benim, benimki;A2 ;pronoun;;;;
mine ;maden ocaðý;B1 ;noun;;;;
miner ;madenci;B2 ;noun;;;;
mineral ;"mineral; maden";B2 ;noun;;;;
minimal ;"asgari düzeyde; çok az";C1 ;adjective;;;;
minimize ;"azaltmak; asgariye indirmek
önemsiz göstermek";C1 ;verb;;;;
minimum ;asgari;B2 ;adjective;;;;
minimum ;en az, asgari;B2 ;noun;;;;
mining ;madencilik;C1 ;noun;;;;
minister ;bakan;B2 ;noun;;;;
ministry ;bakanlýk;C1 ;noun;;;;
minor ;önemsiz, basit;B2 ;adjective;;;;
minority ;azýnlýk;B2 ;noun;;;;
minute ;dakika;A1 ;noun;;;;
minute ;çok küçük, minicik;C1 ;adjective;;;;
miracle ;mucize;C1 ;noun;;;;
mirror ;ayna;A2 ;noun;;;;
miserable ;"periþan; üzücü
berbat";B2 ;adjective;;;;
misery ;"ýstýrap, acý; periþanlýk";C1 ;noun;;;;
misleading ;aldatýcý, yanýltýcý;C1 ;adjective;;;;
miss ;"ýskalamak
kaçýrmak";A1 ;verb;;;;
missile ;füze;C1 ;noun;;;;
missing ;"kayýp; eksik";A2 ;adjective;;;;
mission ;"özel görev
misyon";B2 ;noun;;;;
mistake ;"yanlýþ; hata";A1 ;noun;;;;
mistake ;"baþkasýna benzetmek
yanlýþ anlamak";B2 ;verb;;;;
mix ;karýþým;B1 ;noun;;;;
mix ;"karýþmak; karýþtýrmak; baðdaþtýrmak";B1 ;verb;;;;
mixed ;karýþýk, farklý;B2 ;adjective;;;;
mixture ;karýþým;B1 ;noun;;;;
mob ;güruh;C1 ;noun;;;;
mobile ;hareket kabiliyeti olan, seyyar;A2 ;adjective;;;;
mobile ; (tavana vb. asýlan) hareketli süs eþyasý;A2 ;noun;;;;
mobility ;hareket, hareket kabiliyeti;C1 ;noun;;;;
mobilize ;harekete geçirmek, organize etmek;C1 ;verb;;;;
mode ;"þekil, tarz
mod";B2 ;noun;;;;
model ;"maket
manken";A1 ;noun;;;;
model ;mankenlik yapmak, teþhir etmek;B2 ;verb;;;;
moderate ;orta, vasat;C1 ;adjective;;;;
modern ;modern, çaðdaþ;A1 ;adjective;;;;
modest ;"alçak gönüllü; mütevazý";B2 ;adjective;;;;
modification ;deðiþiklik;C1 ;noun;;;;
modify ;deðiþiklik yapmak;B2 ;verb;;;;
moment ;"saniye
an";A1 ;noun;;;;
momentum ;hýz, moment, ivme;C1 ;noun;;;;
Monday ;Pazartesi;A1 ;noun;;;;
money ;para;A1 ;noun;;;;
monitor ;ekran;B2 ;noun;;;;
monitor ;izlemek, takibe almak;B2 ;verb;;;;
monk ;keþiþ;C1 ;noun;;;;
monkey ;maymun;A2 ;noun;;;;
monopoly ; (ticaret) tekel;C1 ;noun;;;;
monster ;canavar;B2 ;noun;;;;
month ;ay;A1 ;noun;;;;
monthly ;aylýk;B2 ;adjective;;;;
monument ;anýt;B2 ;noun;;;;
mood ;ruh hali;B1 ;noun;;;;
moon ;ay;A2 ;noun;;;;
moral ;ahlaki, törel;B2 ;adjective;;;;
moral ;ahlak, ahlaki deðerler;B2 ;noun;;;;
morality ;ahlak, ahlaka uygunluk;C1 ;noun;;;;
more ;daha;A1 ;adverb;;;;
more ;"daha, daha çok, daha fazla; biraz daha";A1 ;determiner;;;;
more ;"daha, daha çok, daha fazla; biraz daha";A1 ;pronoun;;;;
moreover ; (özellikle yazý dilinde) üstelik, ayrýca;B2 ;adverb;;;;
morning ;sabah;A1 ;noun;;;;
mortgage ;ipotek, ev kredisi;B2 ;noun;;;;
mosque ;cami;B2 ;noun;;;;
most ;en;A1 ;adverb;;;;
most ;en çok, en fazla;A1 ;determiner;;;;
most ;en çok, en fazla;A1 ;pronoun;;;;
mostly ;"hemen hepsi, çoðu; genellikle, çoðunlukla";A2 ;adverb;;;;
mother ;anne, ana;A1 ;noun;;;;
motion ;"hareket, devinim
önerge, teklif";B2 ;noun;;;;
motivate ;sebep olmak, harekete geçirmek, sevketmek;B2 ;verb;;;;
motivation ;"neden, güdü; heves, þevk; ilgi duyma";B2 ;noun;;;;
motive ;neden, sebep, dürtü;C1 ;noun;;;;
motor ;motorlu, motorla çalýþan;B2 ;adjective;;;;
motor ;motor;B2 ;noun;;;;
motorcycle [motorbike] ;motosiklet;A2 ;noun;;;;
motorist ;otomobil sürücüsü;C1 ;noun;;;;
mount ;"düzenlemek, baþlatmak
üzerine çýkmak, týrmanmak";B2 ;verb;;;;
mountain ;dað;A1 ;noun;;;;
mouse ;fare;A1 ;noun;;;;
mouth ;aðýz;A1 ;noun;;;;
move ;"yer deðiþmek, hareket etmek; yer deðiþtirmek, hareket ettirmek";A1 ;verb;;;;
move ;hareket, yer deðiþtirme;B1 ;noun;;;;
movement ;hareket;A2 ;noun;;;;
movie ;film;A1 ;noun;;;;
moving ;"dokunaklý, duygulandýrýcý, acýklý
hareket eden, yürüyen";B2 ;adjective;;;;
much ;çok, fazla;A1 ;adverb;;;;
much ;çok, fazla;A1 ;determiner;;;;
much ;çok, fazla;A1 ;pronoun;;;;
mud ;çamur;B1 ;noun;;;;
multiple ;çok, muhtelif;B2 ;adjective;;;;
multiply ;" (matematik) çarpmak
artmak, çoðalmak";B2 ;verb;;;;
mum ;anne;A1 ;noun;;;;
municipal ;belediye, belediyeye ait;C1 ;adjective;;;;
murder ;cinayet;B1 ;noun;;;;
murder ;katletmek;B1 ;verb;;;;
muscle ;kas, adale;B1 ;noun;;;;
museum ;müze;A1 ;noun;;;;
music ;müzik;A1 ;noun;;;;
musical ;müzik, müziðe ait;A2 ;adjective;;;;
musical ;müzikal;B1 ;noun;;;;
musician ;müzisyen, müzikçi;A2 ;noun;;;;
must ;-meli;A1 ;modal verb;;;;
mutual ;"karþýlýklý
ortak";C1 ;adjective;;;;
my ;benim;A1 ;determiner;;;;
myself ;kendim;A2 ;pronoun;;;;
mysterious ;"esrarengiz; tuhaf";B2 ;adjective;;;;
mystery ;sýr, muamma;B1 ;noun;;;;
myth ;mit, efsane, söylence;B2 ;noun;;;;
nail ;"týrnak
çivi";B1 ;noun;;;;
naked ;çýplak;B2 ;adjective;;;;
name ;ad, isim;A1 ;noun;;;;
name ;ad vermek, isim koymak;A1 ;verb;;;;
namely ;yani, o da;C1 ;adverb;;;;
narrative ;hikâye, anlatý;B1 ;noun;;;;
narrow ;dar;A2 ;adjective;;;;
narrow ;"daralmak; daraltmak";B2 ;verb;;;;
nasty ;"kötü; berbat, çirkin; edepsiz";B2 ;adjective;;;;
nation ;millet, ulus;B1 ;noun;;;;
national ;milli, ulusal;A2 ;adjective;;;;
national ;uyruk, vatandaþ;B2 ;noun;;;;
nationwide ;ülke çapýnda;C1 ;adjective;;;;
native ;ana;B1 ;adjective;;;;
native ;"doðumlu
yerli";B1 ;noun;;;;
natural ;tabii, doðal;A1 ;adjective;;;;
naturally ;tabii ki, elbette;B1 ;adverb;;;;
nature ;"doða, tabiat
huy, yaradýlýþ, özellik";A2 ;noun;;;;
naval ;deniz kuvvetlerine ait;C1 ;adjective;;;;
navigation ;denizcilik, seyretme;B2 ;noun;;;;
near ;yakýn, yakýnýnda, yanýnda, yakýnda;A1 ;adjective;;;;
near ;yakýn, yakýnýnda, yanýnda, yakýnda;A1 ;adverb;;;;
near ;yakýn, yakýnýnda, yanýnda, yakýnda;A1 ;preposition;;;;
nearby ;"civarda; civardaki, yakýndaki";B2 ;adjective;;;;
nearby ;"civarda; civardaki, yakýndaki";B2 ;adverb;;;;
nearly ;neredeyse, hemen hemen;A2 ;adverb;;;;
neat ;düzgün, derli toplu;B2 ;adjective;;;;
necessarily ;ille de, her zaman, mutlaka;B1 ;adverb;;;;
necessary ;gerekli;A2 ;adjective;;;;
necessity ;"gerek
ihtiyaç, gereksinim";B2 ;noun;;;;
neck ;boyun;A2 ;noun;;;;
need ;ihtiyacý olmak, gereksinimi olmak;A1 ;verb;;;;
need ;gerek, ihtiyaç;A2 ;noun;;;;
need ;"gerekmek; icap etmek";B1 ;modal verb;;;;
needle ;"dikiþ iðnesi
iðne";B1 ;noun;;;;
negative ;"negatif
kötümser, olumsuz";A1 ;adjective;;;;
negative ; (söz, deyim vb.) olumsuz;B2 ;noun;;;;
neglect ;"ihmal; bakýmsýzlýk";C1 ;noun;;;;
neglect ;ihmal etmek;C1 ;verb;;;;
negotiate ;görüþmek, pazarlýk etmek;B2 ;verb;;;;
negotiation ;görüþme, müzakere, pazarlýk;B2 ;noun;;;;
neighbour ;komþu;A1 ;noun;;;;
neighbourhood ;çevre, semt;B1 ;noun;;;;
neighbouring ;yakýn, civardaki;C1 ;adjective;;;;
neither ;hiçbir, hiçbiri;A2 ;determiner;;;;
neither ;hiçbir, hiçbiri;A2 ;pronoun;;;;
neither ;hiçbir, hiçbiri;B1 ;adverb;;;;
nerve ;"sinir
soðukkanlýlýk, asap bozukluðu";B2 ;noun;;;;
nervous ;"heyecanlý; tedirgin; asabi";A2 ;adjective;;;;
nest ;"kuþ yuvasý
yuva";C1 ;noun;;;;
net ;að;B1 ;noun;;;;
net ;net, safi;C1 ;adjective;;;;
network ;að, þebeke;A2 ;noun;;;;
neutral ;tarafsýz;B2 ;adjective;;;;
never ;"hiçbir zaman; asla, hiç";A1 ;adverb;;;;
nevertheless ;yine de, buna raðmen;B2 ;adverb;;;;
new ;yeni;A1 ;adjective;;;;
newly ;yeni, henüz;B2 ;adverb;;;;
news ;haber;A1 ;noun;;;;
newsletter ;bülten;C1 ;noun;;;;
newspaper ;gazete;A1 ;noun;;;;
next ;"bir sonraki; ertesi, gelecek";A1 ;adjective;;;;
next ;"bir sonraki; ertesi, gelecek";A1 ;adverb;;;;
next ;bir sonraki, sonraki;B1 ;noun;;;;
next to ;"yanýna; yanýnda";A1 ;preposition;;;;
nice ;"iyi; hoþ
kibar, nazik";A1 ;adjective;;;;
niche ; (iþ, durum vb.) uygun yer;C1 ;noun;;;;
night ;gece;A1 ;noun;;;;
nightmare ;korkulu rüya, kâbus, karabasan;B2 ;noun;;;;
nine ;dokuz;A1 ;number;;;;
nineteen ;on dokuz;A1 ;number;;;;
ninety ;doksan;A1 ;number;;;;
no ;"hiç, hiçbir; daha … deðil";A1 ;determiner;;;;
no ;hayýr;A1 ;exclamation;;;;
no one [nobody] ;hiç kimse;A1 ;pronoun;;;;
noble ;" (davranýþ, çaba vb.) yüce; asil";C1 ;adjective;;;;
nobody ;hiç kimse;A1 ;pronoun;;;;
nod ;"baþýný sallamak; baþýyla onaylamak";C1 ;verb;;;;
noise ;gürültü;A2 ;noun;;;;
noisy ;gürültülü;A2 ;adjective;;;;
nominate ;"aday göstermek; seçmek, atamak";C1 ;verb;;;;
nomination ;"adaylýk, aday gösterme; aday gösterilme; atama; atanma; seçme; seçilme";C1 ;noun;;;;
nominee ;aday;C1 ;noun;;;;
none ;"hiç; hiçbiri";A2 ;pronoun;;;;
nonetheless ;"yine de; buna raðmen";C1 ;adverb;;;;
nonsense ;saçma, zýrva;C1 ;noun;;;;
noon ;öðle;C1 ;noun;;;;
nor ;ne de;B1 ;adverb;;;;
nor ;ne de;B1 ;conjunction;;;;
norm ;âdet, norm;B2 ;noun;;;;
normal ;normal, olaðan;A2 ;adjective;;;;
normal ;normal;B1 ;noun;;;;
normally ;normal olarak, genellikle;A2 ;adverb;;;;
north ;kuzey;A1 ;adjective;;;;
north ;kuzeye, kuzeye doðru;A1 ;adverb;;;;
north ;kuzey;A1 ;noun;;;;
northern ;"kuzey; kuzeye ait";B1 ;adjective;;;;
nose ;burun;A1 ;noun;;;;
not ;yardýmcý fiil olumsuz hali;A1 ;adverb;;;;
notable ;dikkate deðer, önemli;C1 ;adjective;;;;
notably ;özellikle, bilhassa;C1 ;adverb;;;;
note ;not;A1 ;noun;;;;
note ;"fark etmek; dikkat etmek
not etmek, kaydetmek";B1 ;verb;;;;
notebook ;"defter
dizüstü bilgisayar";B2 ;noun;;;;
nothing ;hiçbir þey;A1 ;pronoun;;;;
notice ;"dikkat
ilan, duyuru";A2 ;noun;;;;
notice ;fark etmek, dikkat etmek;A2 ;verb;;;;
notify ;bildirmek, ihtar etmek;C1 ;verb;;;;
notion ;fikir;B2 ;noun;;;;
notorious ;adý çýkmýþ, namlý;C1 ;adjective;;;;
novel ;roman;A2 ;noun;;;;
novel ;yeni, farklý;C1 ;adjective;;;;
novelist ;romancý;B2 ;noun;;;;
November ;Kasým;A1 ;noun;;;;
now ;"þimdi, þu anda
hemen";A1 ;adverb;;;;
now ;artýk…göre;B1 ;conjunction;;;;
nowadays ;bugünlerde;B2 ;adverb;;;;
nowhere ;"hiçbir yer; hiçbir yere; hiçbir yerde";A2 ;adverb;;;;
nuclear ;nükleer;B1 ;adjective;;;;
number ;"sayý; rakam";A1 ;noun;;;;
number ;numaralandýrmak;A2 ;verb;;;;
numerous ;çok sayýda, sayýsýz;B2 ;adjective;;;;
nurse ;hemþire;A1 ;noun;;;;
nursery ;kreþ;C1 ;noun;;;;
nursing ;hemþirelik;B2 ;noun;;;;
nut ;kuruyemiþ;A2 ;noun;;;;
nutrition ;besin, beslenme;B2 ;noun;;;;
obesity ;obezite;B2 ;noun;;;;
obey ;itaat etmek, uymak;B2 ;verb;;;;
object ;"cisim; þey; nesne
gaye, amaç, hedef";A1 ;noun;;;;
object ;"hoþlanmamak; karþý çýkmak, hoþ karþýlamamak";B2 ;verb;;;;
objection ;itiraz;C1 ;noun;;;;
objective ;"tarafsýz; objektif, nesnel";B2 ;adjective;;;;
objective ;"hedef; gaye";B2 ;noun;;;;
obligation ;"yükümlülük; mecburiyet";B2 ;noun;;;;
oblige ;"mecbur etmek; zorlamak, zorunda býrakmak";C1 ;verb;;;;
observation ;"gözleme, gözlenme; inceleme, incelenme";B2 ;noun;;;;
observe ;gözlemek;B2 ;verb;;;;
observer ;gözlemci;B2 ;noun;;;;
obsess ;aklýný … ile bozmak, saplantý haline getirmek, kafayý takmak;C1 ;verb;;;;
obsession ;saplantý hali, kafayý takma;C1 ;noun;;;;
obstacle ;engel;B2 ;noun;;;;
obtain ;"elde etmek; edinmek";B2 ;verb;;;;
obvious ;"belli; âþikâr; meydanda";B1 ;adjective;;;;
obviously ;açýkça;B1 ;adverb;;;;
occasion ;"vesile, durum, münasebet
özel olay, önemli gün";B1 ;noun;;;;
occasional ;"ara sýra olan; tek tük meydana gelen";C1 ;adjective;;;;
occasionally ;ara sýra, bazen;B2 ;adverb;;;;
occupation ;"meslek, iþ; meþgale, uðraþ
iþgal";B2 ;noun;;;;
occupy ;"kaplamak; iþgal etmek";B2 ;verb;;;;
occur ;"meydana gelmek, olmak
var olmak";B1 ;verb;;;;
occurrence ;vaka, olay;C1 ;noun;;;;
ocean ;okyanus;A2 ;noun;;;;
o'clock ;saat …;A1 ;adverb;;;;
October ;Ekim;A1 ;noun;;;;
odd ;"tuhaf; garip";B1 ;adjective;;;;
odds ;ihtimal, þans;C1 ;noun;;;;
of ;-in;A1 ;preposition;;;;
off ;"aþaðý; dýþarý; öteye, uzaða
izin, tatil";A1 ;adverb;;;;
off ;"aþaðý; dýþarý; öteye, uzaða
(elektrikli aletler) kapalý";A1 ;preposition;;;;
offence ;"suç; kabahat";B2 ;noun;;;;
offend ;"kýrmak, gücendirmek; kýzdýrmak";B2 ;verb;;;;
offender ;suçlu;B2 ;noun;;;;
offensive ;"çirkin, yakýþýk almayan; aþaðýlayýcý";B2 ;adjective;;;;
offer ;"teklif, öneri
indirimli fýrsat";A2 ;noun;;;;
offer ;"sunmak, ikram etmek; teklif etmek";A2 ;verb;;;;
offering ;sunulan þey;C1 ;noun;;;;
office ;ofis, büro, daire;A1 ;noun;;;;
officer ;"subay
memur, görevli";A2 ;noun;;;;
official ;resmî;B1 ;adjective;;;;
official ;yüksek dereceli memur, bürokrat;B2 ;noun;;;;
offspring ;"evlat; yavru, döl";C1 ;noun;;;;
often ;"çoðu zaman; sýk sýk";A1 ;adverb;;;;
oh ;a …!;A1 ;exclamation;;;;
oil ;"petrol
yað";A2 ;noun;;;;
OK ;iyi, fena deðil;A1 ;adjective;;;;
OK ;iyi, fena deðil;A1 ;adverb;;;;
OK ;"peki; olur";A1 ;exclamation;;;;
old ;"yaþýnda
eski";A1 ;adjective;;;;
old-fashioned ;modasý geçmiþ, eski;B1 ;adjective;;;;
on ;üstünde, üstüne;A1 ;adverb;;;;
on ;üstünde, üstüne;A1 ;preposition;;;;
once ;"bir defa, bir kez
bir zamanlar, eskiden";A1 ;adverb;;;;
once ;yapar yapmaz;B1 ;conjunction;;;;
one ; (sayý) bir;A1 ;determiner;;;;
one ;" (sayý) bir
tek, ayný";A1 ;number;;;;
one ;bir tane;A1 ;pronoun;;;;
ongoing ;sürüp giden;B2 ;adjective;;;;
onion ;soðan;A1 ;noun;;;;
online ;çevrimiçi;A1 ;adjective;;;;
online ;çevrimiçi;A1 ;adverb;;;;
only ;tek, yegâne;A1 ;adjective;;;;
only ;yalnýz, yalnýzca, sadece;A1 ;adverb;;;;
onto ;üzerine;A2 ;preposition;;;;
open ;açýk;A1 ;adjective;;;;
open ;"açmak; açýlmak";A1 ;verb;;;;
opening ;"açýklýk; delik
baþlangýç, açýlýþ";B2 ;noun;;;;
openly ;"açýkça; dürüstçe";B2 ;adverb;;;;
opera ;opera;B2 ;noun;;;;
operate ;"çalýþmak, iþlemek; çalýþtýrmak, iþletmek";B2 ;verb;;;;
operation ;"ameliyat
harekat, operasyon";B1 ;noun;;;;
operational ;"harekâtla ilgili; iþleyiþle ilgili";C1 ;adjective;;;;
operator ;teknisyen, operatör;B2 ;noun;;;;
opinion ;düþünce, fikir, kanaat;A1 ;noun;;;;
opponent ; (spor vb.) rakip;B2 ;noun;;;;
opportunity ;fýrsat, olanak;A2 ;noun;;;;
oppose ;karþý çýkmak, muhalefet etmek;B2 ;verb;;;;
opposed ;karþý, muhalif;B2 ;adjective;;;;
opposite ;"karþý; karþýsýndaki";A1 ;adjective;;;;
opposite ;"karþý; karþýsýndaki";A1 ;adverb;;;;
opposite ;karþýt, zýt;A1 ;noun;;;;
opposite ;"karþý; karþýsýndaki
zýt, karþýt, ters";A1 ;preposition;;;;
opposition ;"muhalefet, karþý çýkma
karþý taraf, rakip";B2 ;noun;;;;
opt ;"seçmek, karar vermek; karar kýlmak, tercih etmek";C1 ;verb;;;;
optical ;optik;C1 ;adjective;;;;
optimism ;iyimserlik;C1 ;noun;;;;
optimistic ;iyimser;B2 ;adjective;;;;
option ;"seçenek; seçme hakký";A2 ;noun;;;;
or ;veya, yoksa;A1 ;conjunction;;;;
oral ;"sözlü
aðýzla ilgi";C1 ;adjective;;;;
orange ;turuncu;A1 ;adjective;;;;
orange ;"portakal
turuncu";A1 ;noun;;;;
orchestra ;orkestra, müzik topluluðu;B2 ;noun;;;;
order ;"sýra, düzen
düzen";A1 ;noun;;;;
order ;"emretmek, buyurmak
ýsmarlamak, sipariþ vermek";A1 ;verb;;;;
ordinary ;sýradan, alelâde;A2 ;adjective;;;;
organ ;organ, uzuv;B2 ;noun;;;;
organic ;"doðal, hormonsuz
canlý, organik";B2 ;adjective;;;;
organization ;teþkilat, örgüt;A2 ;noun;;;;
organizational ;örgütsel;C1 ;adjective;;;;
organize ;düzenlemek, tertiplemek;A2 ;verb;;;;
organized ;planlanmýþ, örgütlenmiþ;B1 ;adjective;;;;
organizer ;organizatör, düzenleyici;B1 ;noun;;;;
origin ;"kaynak, köken
asýl, soy";B2 ;noun;;;;
original ;ilk, asýl;A2 ;adjective;;;;
original ;asýl;B1 ;noun;;;;
originally ;aslen;B1 ;adverb;;;;
originate ;çýkmak, kaynaðý -e dayanmak;C1 ;verb;;;;
other ;"baþka
öbür, öteki, diðeri";A1 ;adjective;;;;
other ;baþka;A1 ;pronoun;;;;
otherwise ;yoksa, -in dýþýnda;B2 ;adverb;;;;
ought ;-meli;B1 ;modal verb;;;;
our ;bizim;A1 ;determiner;;;;
ours ;bizimki;B1 ;pronoun;;;;
ourselves ;kendimiz;A2 ;pronoun;;;;
out ;dýþarý, dýþarýya, dýþarýda;A1 ;adverb;;;;
outbreak ;baþ gösterme, patlak verme;C1 ;noun;;;;
outcome ;sonuç;B2 ;noun;;;;
outdoor ;açýk havaya ait, açýk hava;B1 ;adjective;;;;
outdoors ;açýk havada;B1 ;adverb;;;;
outer ;dýþ, dýþtaki;B2 ;adjective;;;;
outfit ;kýyafet;B2 ;noun;;;;
outing ;gezi;C1 ;noun;;;;
outlet ;" (fikir, his vb.) boþaltma yolu
fabrika satýþ maðazasý";C1 ;noun;;;;
outline ;taslak, anahatlar;B2 ;noun;;;;
outline ;anahatlarýný çizmek;B2 ;verb;;;;
outlook ;hayata bakýþ;C1 ;noun;;;;
output ;verim, randýman;B2 ;noun;;;;
outrage ;hiddet, öfke;C1 ;noun;;;;
outrage ;kýzdýrmak, hiddetlendirmek;C1 ;verb ;;;;
outside ;dýþarýda, dýþarýya, dýþýnda;A1 ;adverb;;;;
outside ;dýþ;A2 ;adjective;;;;
outside ;dýþ;A2 ;noun;;;;
outside ;dýþarýda, dýþarýya, dýþýnda;A2 ;preposition;;;;
outsider ;yabancý, dýþlanmýþ;C1 ;noun;;;;
outstanding ;mükemmel, harika;B2 ;adjective;;;;
oven ;fýrýn;A2 ;noun;;;;
over ;"üstünde; üstüne
üzerinde";A1 ;adverb;;;;
over ;"üstünde; üstüne";A1 ;preposition;;;;
overall ;toplam, genel;B2 ;adjective;;;;
overall ;"tamamý, toplamý
genel olarak";B2 ;adverb;;;;
overcome ;üstesinden gelmek, alt etmek, yenmek;B2 ;verb;;;;
overlook ;"gözden kaçýrmak
göz yummak";C1 ;verb;;;;
overnight ;"gece boyu; bir gece içinde";B2 ;adverb;;;;
overseas ;deniz aþýrý ülkelerden gelen, yabancý, dýþ ülkelerden gelen;B2 ;adjective;;;;
overseas ;deniz aþýrý ülkelerde/ülkelere, dýþ ülkelere;B2 ;adverb;;;;
oversee ;nezaret etmek, denetlemek;C1 ;verb;;;;
overturn ;"devirmek, devrilmek; altüst etmek, altüst olmak";C1 ;verb;;;;
overwhelm ;"kapýlmak, etkisine almak
hakkýndan gelmek";C1 ;verb;;;;
overwhelming ;güçlü, baskýn, karþý konulmasý güç;C1 ;adjective;;;;
owe ;borçlu olmak, borcu olmak;B2 ;verb;;;;
own ;kendi;A1 ;adjective;;;;
own ;kendi;A1 ;pronoun;;;;
own ;sahip olmak;A2 ;verb;;;;
owner ;sahip, malik;A2 ;noun;;;;
ownership ;sahiplik, mülkiyet;B2 ;noun;;;;
oxygen ;oksijen;B2 ;noun;;;;
pace ;"hýz
adým";B2 ;noun;;;;
pace ;adýmlamak, arþýnlamak;B2 ;verb;;;;
pack ;bavul toplamak, denk baðlamak, hazýrlanmak;A2 ;verb;;;;
pack ;paket, kutu;B1 ;noun;;;;
package ;paket;B1 ;noun;;;;
package ;ambalaj yapmak;B2 ;verb;;;;
packet ;paket;B2 ;noun;;;;
pad ;bez;C1 ;noun;;;;
page ;sayfa;A1 ;noun;;;;
pain ;acý, aðrý;A2 ;noun;;;;
painful ;acýlý, aðrýlý;B1 ;adjective;;;;
paint ;boya;A1 ;noun;;;;
paint ;boyamak;A1 ;verb;;;;
painter ;boyacý;A2 ;noun;;;;
painting ;resim;A1 ;noun;;;;
pair ;çift;A1 ;noun;;;;
palace ;saray;A2 ;noun;;;;
pale ;solgun, renksiz;B1 ;adjective;;;;
palm ;"avuç içi
palmiye";B2 ;noun;;;;
pan ;"tencere; tava";B1 ;noun;;;;
panel ; (tahta, cam vb.) pano;B2 ;noun;;;;
panic ;korku, panik;B2 ;noun;;;;
pants [underpants] [trousers] ;erkek donu;A2 ;noun;;;;
paper ;"kâðýt
gazete";A1 ;noun;;;;
parade ;geçit resmi;B2 ;noun;;;;
paragraph ;paragraf;A1 ;noun;;;;
parallel ;paralel;B2 ;adjective;;;;
parallel ;"paralel; eþ, benzer; koþutluk, benzerlik";B2 ;noun;;;;
parent ;ana veya baba;A1 ;noun;;;;
parental ;"ana baba; ana babalýða ait";C1 ;adjective;;;;
parish ;"kilise bölgesi ; (kilise bölgesindeki) insanlar";C1 ;noun;;;;
park ;park, yeþil alan;A1 ;noun;;;;
park ;park etmek;A1 ;verb;;;;
parking ;"park etme
park yeri";A2 ;noun;;;;
parliament ;millet meclisi, parlamento;B2 ;noun;;;;
parliamentary ;parlamento, parlamentoyla ilgili;C1 ;adjective;;;;
part ;"bölüm, kýsým
bölge";A1 ;noun;;;;
partial ;kýsmi;C1 ;adjective;;;;
partially ;kýsmen;C1 ;adverb;;;;
participant ;katýlýmcý;B2 ;noun;;;;
participate ;"katýlmak; yer almak";B1 ;verb;;;;
participation ;katýlým;B2 ;noun;;;;
particular ;belli, belirli;A2 ;adjective;;;;
particularly ;özellikle, bilhassa;B1 ;adverb;;;;
partly ;"bir dereceye kadar; bir ölçüde, kýsmen";B2 ;adverb;;;;
partner ;"eþ
ortak";A1 ;noun;;;;
partnership ;ortaklýk;B2 ;noun;;;;
part-time ;yarý zamanlý;B2 ;adjective;;;;
party ;" (siyaset) parti
parti";A1 ;noun;;;;
pass ;"geçmek; aþmak";A2 ;verb;;;;
pass ;" (sýnav) geçer not
izin kaðýdý";B1 ;noun;;;;
passage ;geçit;B2 ;noun;;;;
passenger ;yolcu;A2 ;noun;;;;
passing ;geçme;C1 ;noun;;;;
passion ;hýrs, ihtiras;B1 ;noun;;;;
passionate ;þehvetli, ihtiraslý;B2 ;adjective;;;;
passive ;pasif;C1 ;adjective;;;;
passport ;pasaport;A1 ;noun;;;;
password ;þifre, parola;B2 ;noun;;;;
past ;"geçen, geçtiðimiz
geçmiþe ait";A1 ;adjective;;;;
past ;geçmiþ;A1 ;noun;;;;
past ;"geçe; geçiyor";A1 ;preposition;;;;
past ;önünden, yanýndan;A2 ;adverb;;;;
patch ;"parça
yama";C1 ;noun;;;;
patent ;patent;C1 ;noun;;;;
path ;yol, patika;B1 ;noun;;;;
patience ;sabýr, tahammül;B2 ;noun;;;;
patient ;hasta;A2 ;noun;;;;
patient ;sabýrlý, tahammüllü;B2 ;adjective;;;;
patrol ;devriye (gezme);C1 ;noun;;;;
patrol ;devriye gezmek;C1 ;verb;;;;
patron ;koruyucu;C1 ;noun;;;;
pattern ;biçim, tarz, düzen;A2 ;noun;;;;
pause ;durma, duraklama, ara;B2 ;noun;;;;
pause ;duraklamak, ara vermek;B2 ;verb;;;;
pay ;ödemek, ödeme yapmak;A1 ;verb;;;;
pay ;maaþ, ücret;A2 ;noun;;;;
payment ;ödeme;B1 ;noun;;;;
peace ;barýþ, huzur;A2 ;noun;;;;
peaceful ;barýþçý, sakin;B1 ;adjective;;;;
peak ;zirve, doruk;C1 ;noun;;;;
peasant ;köylü, rençber;C1 ;noun;;;;
peculiar ;acayip, garip, tuhaf;C1 ;adjective;;;;
peer ;akran, emsal, yaþýt;B2 ;noun;;;;
pen ;mürekkepli kalem;A1 ;noun;;;;
penalty ; (hukuk/kanun) ceza;B2 ;noun;;;;
pencil ;kurþun kalem;A1 ;noun;;;;
penny ;" (Britanya para birimi) peni
(ABD para birimi) sent";A2 ;noun;;;;
pension ;emekli aylýðý;B2 ;noun;;;;
people ;insanlar, kiþiler;A1 ;noun;;;;
pepper ;"toz biber
dolmalýk biber";A1 ;noun;;;;
per ;baþýna, -de;A2 ;preposition;;;;
per cent ;yüzde -lik -lik;A2 ;adjective;;;;
per cent ;yüzde -lik -lik;A2 ;adverb;;;;
per cent ;yüzde;A2 ;noun;;;;
perceive ;sezmek, farkýna varmak;B2 ;verb;;;;
percentage ;yüzde oraný, oran;B1 ;noun;;;;
perception ;algý, idrak, sezme gücü;B2 ;noun;;;;
perfect ;"mükemmel, kusursuz
ideal";A1 ;adjective;;;;
perfectly ;"mükemmel, kusursuz bir þekilde; iyice, tamamýyla";B1 ;adverb;;;;
perform ;"yürütmek, yerine getirmek, yapmak
oynamak, temsil etmek";A2 ;verb;;;;
performance ;gösteri, oyun, temsil, program;B1 ;noun;;;;
perhaps ;belki, muhtemelen;A2 ;adverb;;;;
period ;"süre, dönem, çað
aybaþý, adet";A1 ;noun;;;;
permanent ;sürekli, kalýcý;B2 ;adjective;;;;
permanently ;sürekli olarak, devamlý, ebediyen;B2 ;adverb;;;;
permission ;müsaade, izin;A2 ;noun;;;;
permit ;izin belgesi, ruhsat;B2 ;noun;;;;
permit ;izin vermek, müsaade etmek;B2 ;verb;;;;
persist ;ýsrar etmek, inat etmek;C1 ;verb;;;;
persistent ;sebatkâr, ýsrarcý, dirençli;C1 ;adjective;;;;
person ;kiþi, kimse;A1 ;noun;;;;
personal ;kiþisel, özel;A1 ;adjective;;;;
personality ;kiþilik, þahsiyet;A2 ;noun;;;;
personally ;bence, þahsen;B1 ;adverb;;;;
personnel ;personel, kadro;C1 ;noun;;;;
perspective ;görüþ açýsý, perspektif;B2 ;noun;;;;
persuade ;"razý etmek, ikna etmek
inandýrmak ";B1 ;verb;;;;
pet ;ev hayvaný;A2 ;noun;;;;
petition ;dilekçe;C1 ;noun;;;;
petrol ;benzin;A2 ;noun;;;;
phase ;aþama, safha, evre;B2 ;noun;;;;
phenomenon ;olgu, olay;B2 ;noun;;;;
philosopher ;filozof;C1 ;noun;;;;
philosophical ;felsefi, filozofça;C1 ;adjective;;;;
philosophy ; (eðitim) felsefe;B2 ;noun;;;;
phone ;telefon;A1 ;noun;;;;
phone ;telefon etmek;A1 ;verb;;;;
photo [photograph] ;fotoðraf;A1 ;noun;;;;
photograph ;fotoðraf;A1 ;noun;;;;
photograph ;fotoðrafýný çekmek;A2 ;verb;;;;
photographer ;fotoðrafçý;B1 ;noun;;;;
photography ;fotoðrafçýlýk;B1 ;noun;;;;
phrase ;sözcük takýmý;A1 ;noun;;;;
physical ;"bedensel
fiziki, maddi";A2 ;adjective;;;;
physician [Doctor] ;doktor, hekim;C1 ;noun;;;;
physics ;fizik;A2 ;noun;;;;
piano ;piyano;A1 ;noun;;;;
pick ;seçmek;A2 ;verb;;;;
pick ;tercih;B2 ;noun;;;;
picture ;resim;A1 ;noun;;;;
picture ;"tasavvur etmek, düþünmek
resmini yapmak";B2 ;verb;;;;
piece ;parça, örnek;A1 ;noun;;;;
pig ;domuz;A1 ;noun;;;;
pile ;yýðýn, küme;B2 ;noun;;;;
pile ;üst üste yýðmak, istif etmek;B2 ;verb;;;;
pill ;hap;B2 ;noun;;;;
pilot ;pilot;A2 ;noun;;;;
pin ;"toplu iðne
toka";B1 ;noun;;;;
pin ;"iðnelemek, tutturmak
mýhlamak, çivilemek";B1 ;verb;;;;
pink ;pembe;A1 ;adjective;;;;
pink ;pembe;A1 ;noun;;;;
pioneer ;öncü;C1 ;noun;;;;
pioneer ;öncülük etmek;C1 ;verb;;;;
pipe ;"boru
pipo";B1 ;noun;;;;
pipeline ;boru hattý;C1 ;noun;;;;
pirate ;korsan;C1 ;noun;;;;
pit ;çukur, yatak;C1 ;noun;;;;
pitch ; (spor) saha;B2 ;noun;;;;
pity ;merhamet, acýma;B2 ;noun;;;;
place ;yer;A1 ;noun;;;;
place ;yerleþtirmek, koymak;B1 ;verb;;;;
plain ;"açýk
sade";B2 ;adjective;;;;
plan ;plan, program;A1 ;noun;;;;
plan ;"plan yapmak; planlamak";A1 ;verb;;;;
plane ;"düz yüzey, düzlem
uçak";A1 ;noun;;;;
planet ;gezegen;A2 ;noun;;;;
planning ;"planlama, tasarým; düzenleme";B1 ;noun;;;;
plant ;bitki;A1 ;noun;;;;
plant ;ekmek, dikmek;A2 ;verb;;;;
plastic ;plastik;A2 ;adjective;;;;
plastic ;plastik;A2 ;noun;;;;
plate ;"tabak
plaka, levha ";A2 ;noun;;;;
platform ;peron;A2 ;noun;;;;
play ;oyun, eðlence;A1 ;noun;;;;
play ;"oynamak; eðlenmek
(spor, müzik aleti vb) oynamak
/çalmak";A1 ;verb;;;;
player ;oyuncu;A1 ;noun;;;;
plea ;yakarýþ, yalvarma, rica;C1 ;noun;;;;
plead ;yalvarmak, yakarmak;C1 ;verb;;;;
pleasant ;hoþ, tatlý;B1 ;adjective;;;;
please ;lütfen;A1 ;exclamation;;;;
please ;"memnun olmak, hoþnut olmak; memnun etmek, hoþnut etmek";A2 ;verb;;;;
pleased ;memnun;A2 ;adjective;;;;
pleasure ;zevk, keyif;B1 ;noun;;;;
pledge ;"söz; taahhüt";C1 ;noun;;;;
pledge ;"söz vermek; taahhüt etmek";C1 ;verb;;;;
plenty ;"yeterince; çok";B1 ;pronoun;;;;
plot ;"olay örgüsü
tertip, komplo";B1 ;noun;;;;
plot ;kumpas kurmak, komplo kurmak;B2 ;verb;;;;
plug ;"elektrik fiþi
týpa";C1 ;noun;;;;
plug ;týkamak, týkaçlamak;C1 ;verb;;;;
plunge ;"sürüklenmek; sürüklemek";C1 ;verb;;;;
plus ;"ile; artý";B1 ;preposition;;;;
plus ;üstü;B2 ;adjective;;;;
plus ;"avantaj
artý iþareti";B2 ;noun;;;;
pocket ;cep;A2 ;noun;;;;
poem ;þiir;B1 ;noun;;;;
poet ;þair, ozan;B1 ;noun;;;;
poetry ;nazým, þiir;B1 ;noun;;;;
point ;husus, nokta;A1 ;noun;;;;
point ;"göstermek, iþaret etmek
niþan almak, doðrultmak";B1 ;verb;;;;
pointed ;sivri uçlu;B2 ;adjective;;;;
poison ;zehir;B1 ;noun;;;;
poison ;zehirlemek, zehirleyerek öldürmek;B1 ;verb;;;;
poisonous ;zehirli;B1 ;adjective;;;;
pole ;"direk
kutup";C1 ;noun;;;;
police ;polis teþkilatý, polis;A1 ;noun;;;;
policeman ;polis;A1 ;noun;;;;
policy ;siyaset, politika, izlenen yol, siyasa;B1 ;noun;;;;
polite ;nazik, kibar;A2 ;adjective;;;;
political ;siyasi, politik;B1 ;adjective;;;;
politician ;siyasetçi, politikacý;B1 ;noun;;;;
politics ;siyaset, politika;B1 ;noun;;;;
poll ;"kamuoyu yoklamasý
oy verme, oy sayýsý
anket";C1 ;noun;;;;
pollution ;kirlenme, kirlilik;A2 ;noun;;;;
pond ;"gölet; havuz";C1 ;noun;;;;
pool ;göl, havuz;A1 ;noun;;;;
poor ;"fakir, yoksul
zavallý";A1 ;adjective;;;;
pop ; (müzik) pop;A2 ;noun;;;;
pop ;"pat diye ses çýkarmak, patlamak; pat diye ses çýkartmak, patlatmak";C1 ;verb;;;;
popular ;popüler, sevilen;A1 ;adjective;;;;
popularity ;tutulma, beðenilme, raðbet;B2 ;noun;;;;
population ;nüfus;A2 ;noun;;;;
port ;liman þehri;B1 ;noun;;;;
portfolio ;"klasör
portfolyo";C1 ;noun;;;;
portion ;"bölüm, pay
tabak, porsiyon";B2 ;noun;;;;
portrait ;portre;B1 ;noun;;;;
portray ;"resmini yapmak; resmetmek
tasvir etmek, betimlemek";C1 ;verb;;;;
pose ;"arz etmek, yaratmak
poz vermek";B2 ;verb;;;;
position ;"yer, konum
durum";A2 ;noun;;;;
position ;yerleþtirmek;B2 ;verb;;;;
positive ;"olumlu, faydalý; emin";A1 ;adjective;;;;
possess ;sahip olmak, malik olmak;B2 ;verb;;;;
possession ;sahip olma, bulundurma;A2 ;noun;;;;
possibility ;olasýlýk;A2 ;noun;;;;
possible ;mümkün, olasý;A1 ;adjective;;;;
possibly ;muhtemelen;B1 ;adverb;;;;
post ;posta (örgütü);A1 ;noun;;;;
post ;postalamak;A1 ;verb;;;;
poster ;afiþ, ilan;A2 ;noun;;;;
postpone ;ertelemek, ileriye atmak;C1 ;verb;;;;
post-war ;savaþ sonrasý;C1 ;adjective;;;;
pot ;kap, çömlek, tencere;B1 ;noun;;;;
potato ;patates;A1 ;noun;;;;
potential ;muhtemel, potansiyel;B2 ;adjective;;;;
potential ;potansiyel, kapasite, yetenek;B2 ;noun;;;;
potentially ;potansiyel olarak;B2 ;adverb;;;;
pound ;" (Britanya para birimi) pound
libre";A1 ;noun;;;;
pour ;dökmek, akýtmak;B1 ;verb;;;;
poverty ;yoksulluk, fakirlik;B1 ;noun;;;;
powder ;"toz; pudra";B1 ;noun;;;;
power ;yetki, güç;A2 ;noun;;;;
power ;çalýþtýrmak;B2 ;verb;;;;
powerful ;güçlü, kuvvetli;B1 ;adjective;;;;
practical ;"pratik
kullanýþlý";B1 ;adjective;;;;
practice ;uygulama, pratik;A1 ;noun;;;;
practise ;"alýþtýrma yapmak; pratik yapmak";A1 ;verb;;;;
practitioner ;"hekim; avukat";C1 ;noun;;;;
praise ;övgü;B2 ;noun;;;;
praise ;övmek;B2 ;verb;;;;
pray ;dua etmek;B1 ;verb;;;;
prayer ;dua;B1 ;noun;;;;
preach ;vaaz vermek;C1 ;verb;;;;
precede ;"önden gelmek; önden gitmek, önünde gitmek";B2 ;verb;;;;
precedent ;"örnek; emsal, gelenek";C1 ;noun;;;;
precious ;deðerli, nadide;B2 ;adjective;;;;
precise ;kesin, eksiksiz;B2 ;adjective;;;;
precisely ;tam, tam olarak;B2 ;adverb;;;;
precision ;"titizlik; kusursuzluk";C1 ;noun;;;;
predator ;yýrtýcý hayvan;C1 ;noun;;;;
predecessor ;selef;C1 ;noun;;;;
predict ;önceden söylemek, tahmin etmek;A2 ;verb;;;;
predictable ;önceden kestirilebilen;B2 ;adjective;;;;
prediction ;tahmin, önceden kestirme;B1 ;noun;;;;
predominantly ;çoðunlukla;C1 ;adverb;;;;
prefer ;tercih etmek;A1 ;verb;;;;
preference ;tercih;B2 ;noun;;;;
pregnancy ;gebelik, hamilelik;C1 ;noun;;;;
pregnant ;gebe, hamile;B2 ;adjective;;;;
prejudice ;önyargý;C1 ;noun;;;;
preliminary ;baþlangýç, ön, giriþ;C1 ;adjective;;;;
premier ;"en birinci; baþlýca";C1 ;adjective;;;;
premium ;prim;C1 ;noun;;;;
preparation ;"hazýrlama; hazýrlanma";B2 ;noun;;;;
prepare ;"hazýrlanmak; hazýrlamak";A1 ;verb;;;;
prescribe ; (ilaç, tedavi) yazmak, vermek;C1 ;verb;;;;
prescription ;reçete;C1 ;noun;;;;
presence ;hazýr bulunma, huzur;B2 ;noun;;;;
present ;þimdiki, mevcut;A1 ;adjective;;;;
present ;"hediye
þu an";A1 ;noun;;;;
present ;sunmak;A2 ;verb;;;;
presentation ;sunum, sunuþ;B1 ;noun;;;;
presently ;þu sýralarda, þimdi;C1 ;adverb;;;;
preservation ;koruma;C1 ;noun;;;;
preserve ;korumak, muhafaza etmek;B2 ;verb;;;;
preside ; (toplantý vb.) baþkanlýk etmek;C1 ;verb;;;;
presidency ;baþkanlýk;C1 ;noun;;;;
president ;Cumhurbaþkaný, Baþkan;A2 ;noun;;;;
presidential ;baþkanlýkla ilgili, baþkanlýða ait;C1 ;adjective;;;;
press ;"basýn
basým, baský";B1 ;noun;;;;
press ;"basmak; bastýrmak";B1 ;verb;;;;
pressure ;basýnç;B1 ;noun;;;;
prestigious ;itibarlý, prestiji olan, saygýn;C1 ;adjective;;;;
presumably ;tahminen;C1 ;adverb;;;;
presume ;varsaymak, sanmak, farzetmek;C1 ;verb;;;;
pretend ;numara yapmak, gibi görünmek, -miþ gibi yapmak;B1 ;verb;;;;
pretty ;güzel, hoþ;A1 ;adjective;;;;
pretty ;oldukça;A1 ;adverb;;;;
prevail ;yaygýn olmak, hâkim olmak;C1 ;verb;;;;
prevalence ;yaygýnlýk, hâkimiyet;C1 ;noun;;;;
prevent ;önlemek, önüne geçmek, engel olmak;A2 ;verb;;;;
prevention ;önleme, engelleme;C1 ;noun;;;;
previous ;önceki, geçmiþe ait;B1 ;adjective;;;;
previously ;daha önce, önceden;B1 ;adverb;;;;
prey ;av, kurban, yem;C1 ;noun;;;;
price ;fiyat;A1 ;noun;;;;
price ;"etiket koymak; fiyatlandýrmak, fiyat biçmek";B2 ;verb;;;;
pride ;gurur, iftihar;B2 ;noun;;;;
priest ;papaz, din görevlisi;B1 ;noun;;;;
primarily ;"baþlýca; esas olarak";B2 ;adverb;;;;
primary ;"baþlýca, asýl, esas
ilkokul";B1 ;adjective;;;;
prime ;"asýl; baþlýca";B2 ;adjective;;;;
prince ;prens, þehzade;B1 ;noun;;;;
princess ;prenses;B1 ;noun;;;;
principal ;"ana; baþlýca, temel";B2 ;adjective;;;;
principal ; (okul, yüksek okul vb.) müdür;C1 ;noun;;;;
principle ;prensip, ilke;B2 ;noun;;;;
print ;"basmak; yazdýrmak";A2 ;verb;;;;
print ;" (gazete, kitap vb.) yazý, basýlý harfler
yayýncýlýk";B2 ;noun;;;;
printer ;yazýcý;A2 ;noun;;;;
printing ;matbaa;B1 ;noun;;;;
prior ;"önceki; önceden";B2 ;adjective;;;;
priority ;öncelik, önceliði olan þey;B2 ;noun;;;;
prison ;hapishane, cezaevi;A2 ;noun;;;;
prisoner ;mahkûm, mahpus;B1 ;noun;;;;
privacy ;mahremiyet;B2 ;noun;;;;
private ;özel, hususi, kiþisel;B1 ;adjective;;;;
privatization ;özelleþtirme;C1 ;noun;;;;
privilege ;ayrýcalýk;C1 ;noun;;;;
prize ;ödül;A2 ;noun;;;;
probability ;olasýlýk;B2 ;noun;;;;
probable ;muhtemel, olasý;B2 ;adjective;;;;
probably ;büyük olasýlýkla;A1 ;adverb;;;;
probe ;soruþturma, inceleme;C1 ;noun;;;;
probe ;derinlemesine araþtýrmak, soruþturmak;C1 ;verb;;;;
problem ;sorun, problem;A1 ;noun;;;;
problematic ;problemli;C1 ;adjective;;;;
procedure ;iþlem, usul;B2 ;noun;;;;
proceed ;yürümek, ilerlemek;B2 ;verb;;;;
proceeds ;gelir;C1 ;noun;;;;
process ;iþlem;A2 ;noun;;;;
process ;iþlemek, iþlemden geçirmek;B2 ;verb;;;;
processor ;"iþlem makinesi; iþleyici";C1 ;noun;;;;
proclaim ;(resmen) ilan etmek;C1 ;verb;;;;
produce ;üretmek;A2 ;verb;;;;
produce ;ürün;B2 ;noun;;;;
producer ;üretici;B1 ;noun;;;;
product ;ürün;A1 ;noun;;;;
production ;üretim;B1 ;noun;;;;
productive ;"verimli
yararlý";C1 ;adjective;;;;
productivity ;"verimlilik; üretkenlik";C1 ;noun;;;;
profession ;meslek;B1 ;noun;;;;
professional ;meslekî, profesyonel;A2 ;adjective;;;;
professional ;meslek sahibi;B2 ;noun;;;;
professor ;profesör;A2 ;noun;;;;
profile ;"yandan görünüþ
özgeçmiþ, profil";A2 ;noun;;;;
profit ;kâr, kazanç;B1 ;noun;;;;
profitable ;kârlý, kazançlý;C1 ;adjective;;;;
profound ;derin, esaslý;C1 ;adjective;;;;
program ; (bilgisayar) program;A2 ;noun;;;;
program ; (bilgisayar) programlamak;B1 ;verb;;;;
programme ;program, plan, tasarý;A1 ;noun;;;;
programming (noun) [programme (verb)];ayarlamak;B2 ;noun;;;;
progress ;ilerleme;A2 ;noun;;;;
progress ;"ileri gitmek; geliþmek, ilerlemek";B2 ;verb;;;;
progressive ;ilerici, çaðdaþ;B2 ;adjective;;;;
prohibit ;yasaklamak;B2 ;verb;;;;
project ;proje;A1 ;noun;;;;
project ;"planlamak, tasarlamak
tahmin etmek, hesaplamak";B2 ;verb;;;;
projection ;"tahmin
projeksiyon";C1 ;noun;;;;
prominent ;önde gelen, önemli;C1 ;adjective;;;;
promise ;söz, vaat;A2 ;noun;;;;
promise ;söz vermek;A2 ;verb;;;;
promising ;ümit vaat eden, geleceði parlak;B2 ;adjective;;;;
promote ;"teþvik etmek; önayak olmak";B1 ;verb;;;;
promotion ;"terfi, yükselme
reklam, tanýtým";B2 ;noun;;;;
prompt ;"yol açmak; sevk etmek
hatýrlatmak, suflörlük yapmak";B2 ;verb;;;;
pronounce ;"telaffuz etmek
ilan etmek, resmen açýklamak";A2 ;verb;;;;
pronounced ;belirgin;C1 ;adjective;;;;
proof ;kanýt;B2 ;noun;;;;
propaganda ;propaganda;C1 ;noun;;;;
proper ;"uygun, doðru
münasip, yakýþýk alýr, yerinde";B1 ;adjective;;;;
properly ;"doðru dürüst
yaraþýr þekilde";B1 ;adverb;;;;
property ;mal, eþya, mülk;B1 ;noun;;;;
proportion ;"bölüm
oran";B2 ;noun;;;;
proposal ;"teklif, öneri
(evlenme) teklif";B2 ;noun;;;;
propose ;"teklif etmek, önermek
(evlenme) teklif etmek";B2 ;verb;;;;
proposition ;teklif, öneri;C1 ;noun;;;;
prosecute ;kovuþturma açmak, dava açmak, iddia makamýnda bulunmak;C1 ;verb;;;;
prosecution ;"kovuþturma
davacý, iddia makamý";C1 ;noun;;;;
prosecutor ;"savcý
davacý avukatý";C1 ;noun;;;;
prospect ;þans, olasýlýk, olanak;B2 ;noun;;;;
prospective ;"beklenen; müstakbel, muhtemel";C1 ;adjective;;;;
prosperity ;"zenginlik; refah, kalkýnma";C1 ;noun;;;;
protect ;korumak, sakýnmak;A2 ;verb;;;;
protection ;koruma;B2 ;noun;;;;
protective ;"koruyucu
koruyucu, üzerine düþen";C1 ;adjective;;;;
protein ;protein;B2 ;noun;;;;
protest ;protesto, karþý çýkma;B1 ;noun;;;;
protest ;"protesto etmek, karþý çýkmak
iddia etmek";B1 ;verb;;;;
protester ;protestocu;B2 ;noun;;;;
protocol ;protokol;C1 ;noun;;;;
proud ;"gururlu, iftihar eden
kibirli, kendini beðenmiþ";B1 ;adjective;;;;
prove ;kanýtlamak;B1 ;verb;;;;
provide ;"saðlamak; vermek";A2 ;verb;;;;
province ;"il; eyalet";C1 ;noun;;;;
provincial ;"ile ait; eyalete ait
dar görüþlü";C1 ;adjective;;;;
provision ;"temin
tedbir, tedarik";C1 ;noun;;;;
provoke ;"uyandýrmak, yol açmak
tahrik etmek, kýþkýrtmak";C1 ;verb;;;;
psychiatric ;psikiyatrik, ruh hekimliði ile ilgili;C1 ;adjective;;;;
psychological ;psikolojik, ruhsal;B2 ;adjective;;;;
psychologist ;"psikolog; ruhbilimci";B2 ;noun;;;;
psychology ;psikoloji, ruhbilim;B2 ;noun;;;;
pub ;bar;A2 ;noun;;;;
public ;"halk; kamu
herkes tarafýndan tanýnmak/
 bilinmek";A2 ;adjective;;;;
public ;"halk, kamu
halk kitlesi";A2 ;noun;;;;
publication ;"yayýnlama, yayýn
ilan, yayýn";B2 ;noun;;;;
publicity ;medya ilgisi, reklam;B2 ;noun;;;;
publish ;yayýnlamak;A2 ;verb;;;;
publishing ;yayýncýlýk;B2 ;noun;;;;
pull ;çekmek, asýlmak;A2 ;verb;;;;
pull ;çekme;B1 ;noun;;;;
pulse ;nabýz, nabýz atýþý;C1 ;noun;;;;
pump ;pompa;C1 ;noun;;;;
pump ;pompalamak;C1 ;verb;;;;
punch ;yumruk;C1 ;noun;;;;
punch ;yumruk atmak, yumruklamak;C1 ;verb;;;;
punish ;cezalandýrmak;B1 ;verb;;;;
punishment ;ceza;B1 ;noun;;;;
punk ;pank müzik;B2 ;noun;;;;
pupil ;öðrenci;B2 ;noun;;;;
purchase ;satýn alma;B2 ;noun;;;;
purchase ;satýn almak;B2 ;verb;;;;
pure ;saf, katýksýz, temiz;B2 ;adjective;;;;
purely ;"sadece; tamamen";B2 ;adverb;;;;
purple ;mor;A1 ;adjective;;;;
purple ;mor;A1 ;noun;;;;
purpose ;amaç, maksat;A2 ;noun;;;;
pursue ;"sürdürmek, devam etmek; uðraþmak";B2 ;verb;;;;
pursuit ;kovalama, peþinde koþma, takip;B2 ;noun;;;;
push ;itmek, sürmek, iteklemek;A2 ;verb;;;;
push ;itme;B1 ;noun;;;;
put ;koymak, yerleþtirmek, oturtmak;A1 ;verb;;;;
puzzle ;"bulmaca
bilmece, sýr";B2 ;noun;;;;
qualification ;"yeterlilik, diploma
nitelik, vasýf, þart";B1 ;noun;;;;
qualified ;"uzman, vasýflý, gerekli nitelikleri taþýyan; yetkili
sýnýrlý, þartlý";B1 ;adjective;;;;
qualify ;"hak kazanmak, yeterlik kazanmak; gerekli nitelikleri taþýmak";B1 ;verb;;;;
quality ;nitelik, kalite;A2 ;noun;;;;
quantity ;miktar;A2 ;noun;;;;
quarter ;çeyrek, dörtte bir;A1 ;noun;;;;
queen ;kraliçe;A2 ;noun;;;;
query ;soru;C1 ;noun;;;;
quest ;arayýþ;C1 ;noun;;;;
question ;"soru
þüphe, kuþku";A1 ;noun;;;;
question ;sorguya çekmek, sorgulamak;A2 ;verb;;;;
questionnaire ;anket;B2 ;noun;;;;
queue ;kuyruk;B1 ;noun;;;;
queue ;kuyruða girmek;B1 ;verb;;;;
quick ;acele;A1 ;adjective;;;;
quickly ;hemen, derhal;A1 ;adverb;;;;
quiet ;sessiz, sakin;A1 ;adjective;;;;
quietly ;sessizce;A2 ;adverb;;;;
quit ;býrakmak, terk etmek;B1 ;verb;;;;
quite ;oldukça, bir hayli;A1 ;adverb;;;;
quota ;kota, kontenjan;C1 ;noun;;;;
quotation ;"alýntý
geçerli fiyat";B1 ;noun;;;;
quote ;"alýntý yapmak; alýntýlamak";B1 ;verb;;;;
race ;"yarýþ, yarýþma
ýrk";A2 ;noun;;;;
race ;yarýþmak;A2 ;verb;;;;
racial ;ýrka ait, ýrka dayanan, ýrksal;B2 ;adjective;;;;
racing ;yarýþ;B1 ;noun;;;;
racism ;ýrkçýlýk;B2 ;noun;;;;
racist ;ýrkçý;B2 ;adjective;;;;
racist ;ýrkçý;B2 ;noun;;;;
radar ;radar;C1 ;noun;;;;
radiation ;radyoaktif ýþýn, radyasyon;B2 ;noun;;;;
radical ;"köklü
köktenci, radikal";C1 ;adjective;;;;
radio ;radyo;A1 ;noun;;;;
rage ;öfke, hiddet;C1 ;noun;;;;
raid ;akýn, saldýrý, baskýn;C1 ;noun;;;;
raid ;baskýn yapmak;C1 ;verb;;;;
rail ;"askýlýk
ray, demiryolu";B2 ;noun;;;;
railway ;"demiryolu, tren yolu; demiryolu hattý";A2 ;noun;;;;
rain ;yaðmur;A1 ;noun;;;;
rain ;(yaðmur) yaðmak;A1 ;verb;;;;
raise ;"kaldýrmak
yükselmek";A2 ;verb;;;;
rally ;"miting
ralli";C1 ;noun;;;;
rally ;"bir araya gelmek, toplanmak; bir araya getirmek, toplamak";C1 ;verb;;;;
random ;rastgele;B2 ;adjective;;;;
range ;dizi, çeþit;B1 ;noun;;;;
range ;arasýnda deðiþmek;B2 ;verb;;;;
rank ;"rütbe; mertebe, derece; sýnýf
erler, erat";B2 ;noun;;;;
rank ;"dahil olmak, sayýlmak; dahil etmek, saymak";B2 ;verb;;;;
rape ;tecavüz, ýrza geçme;C1 ;noun;;;;
rape ;tecavüz etmek, ýrza geçmek;C1 ;verb;;;;
rapid ;süratli, hýzlý, çabuk;B2 ;adjective;;;;
rapidly ;süratle, hýzla;B2 ;adverb;;;;
rare ;"nadir, seyrek, ender
az piþmiþ";B1 ;adjective;;;;
rarely ;nadiren, ender olarak;B1 ;adverb;;;;
rat ;sýçan;B2 ;noun;;;;
rate ;oran, hýz;A2 ;noun;;;;
rate ;deðerlendirmek, saymak;B2 ;verb;;;;
rather ;"oldukça, bir hayli; epeyce";A2 ;adverb;;;;
rating ;deðerlendirme, puanlama;B2 ;noun;;;;
ratio ;oran;C1 ;noun;;;;
rational ;mantýklý;C1 ;adjective;;;;
raw ;"çið, piþmemiþ
iþlenmemiþ, ham";B2 ;adjective;;;;
ray ;ýþýn, ýþýk demeti;C1 ;noun;;;;
reach ;ulaþmak, eriþmek, varmak;A2 ;verb;;;;
reach ;uzaklýk, erim;B2 ;noun;;;;
react ;tepki göstermek;A2 ;verb;;;;
reaction ;"tepki
baþkaldýrmak";B1 ;noun;;;;
read ;okumak;A1 ;verb;;;;
reader ;okur;A1 ;noun;;;;
readily ;kolayca;C1 ;adverb;;;;
reading ;okuma;A1 ;noun;;;;
ready ;hazýr;A1 ;adjective;;;;
real ;gerçek;A1 ;adjective;;;;
realistic ;gerçekçi;B2 ;adjective;;;;
reality ;gerçek, gerçeklik;B1 ;noun;;;;
realization ;"fark etme; gerçekleþme";C1 ;noun;;;;
realize ;"farkýna varmak; farkýnda olmak";A2 ;verb;;;;
really ;"gerçekten, hakikaten; sahiden; aslýnda
çok, fazlasýyla";A1 ;adverb;;;;
rear ;(araba vb.) arka;C1 ;adjective;;;;
rear ;arka;C1 ;noun;;;;
reason ;sebep, neden;A1 ;noun;;;;
reasonable ;"yerinde, haklý; saðduyulu, makul";B2 ;adjective;;;;
reasonably ;oldukça;B2 ;adverb;;;;
reasoning ;muhakeme, mantýk;C1 ;noun;;;;
reassure ;güven vermek, içini rahatlatmak;C1 ;verb;;;;
rebel ;isyancý;C1 ;noun;;;;
rebellion ;isyan;C1 ;noun;;;;
rebuild ;yeniden inþa etmek, yeniden kurmak, yenilemek;B2 ;verb;;;;
recall ;hatýrlamak;B2 ;verb;;;;
receipt ;"makbuz, satýþ fiþi
alma, teslim";B1 ;noun;;;;
receive ;almak;A2 ;verb;;;;
receiver ;"ahize
alýcý";B2 ;noun;;;;
recent ;son;A2 ;adjective;;;;
recently ;"geçenlerde, yakýnlarda; son zamanlarda";A2 ;adverb;;;;
reception ;resepsiyon;A2 ;noun;;;;
recession ; (ekonomi) durgunluk, gerileme;B2 ;noun;;;;
recipe ; (yemek) tarif;A2 ;noun;;;;
recipient ;alýcý;C1 ;noun;;;;
reckon ;"sanmak, düþünmek
tahmin etmek";B2 ;verb;;;;
recognition ;tanýma;B2 ;noun;;;;
recognize ;tanýmak;A2 ;verb;;;;
recommend ;tavsiye etmek;A2 ;verb;;;;
recommendation ;tavsiye, öneri;B1 ;noun;;;;
reconstruction ;"yeniden inþa etme; yeniden canlandýrma";C1 ;noun;;;;
record ;"kayýt
plak";A2 ;noun;;;;
record ;kaydetmek;A2 ;verb;;;;
recording ;kayýt;A2 ;noun;;;;
recount ;aktarmak;C1 ;verb;;;;
recover ;"iyileþmek
toparlanmak";B2 ;verb;;;;
recovery ;iyileþme;B2 ;noun;;;;
recruit ;acemi er, bir teþkilata yeni katýlan;B2 ;noun;;;;
recruit ;yeni elemanlar almak;B2 ;verb;;;;
recruitment ;iþe alým;B2 ;noun;;;;
recycle ;yeniden kazanmak;A2 ;verb;;;;
red ;kýrmýzý;A1 ;adjective;;;;
red ;kýrmýzý;A1 ;noun;;;;
reduce ;azaltmak, düþürmek;A2 ;verb;;;;
reduction ;"azalma; azaltma, düþme";B2 ;noun;;;;
refer ;söz etmek, -e deðinmek, kastetmek;A2 ;verb;;;;
referee ;"hakem
referans";B2 ;noun;;;;
reference ;söz etme, deðinme;B1 ;noun;;;;
referendum ;referandum, halk oylamasý;C1 ;noun;;;;
reflect ;"aksettirmek, yansýtmak
yansýtmak";B1 ;verb;;;;
reflection ;yansýma, akis;C1 ;noun;;;;
reform ;reform, inkýlap;C1 ;noun;;;;
reform ;deðiþtirmek, reform yapmak;C1 ;verb;;;;
refuge ;sýðýnak;C1 ;noun;;;;
refugee ;mülteci;B2 ;noun;;;;
refusal ;"ret; reddetme, kabul etmeme";C1 ;noun;;;;
refuse ;reddetmek;A2 ;verb;;;;
regain ;-e kavuþmak, yeniden ele geçirmek;C1 ;verb;;;;
regard ;"saygý, deðer
selamlar, iyi dilekler";B2 ;noun;;;;
regard ;olarak kabul etmek, gözle bakmak;B2 ;verb;;;;
regardless ;aldýrýþ etmeksizin;C1 ;adverb;;;;
regime ;yönetim biçimi, rejim;C1 ;noun;;;;
region ;"bölge; yöre";A2 ;noun;;;;
regional ;bölgesel;B2 ;adjective;;;;
register ;kayýt defteri;B2 ;noun;;;;
register ;"kaydolmak; kaydetmek, kaydettirmek";B2 ;verb;;;;
registration ;kayýt;B2 ;noun;;;;
regret ;"piþmanlýk; üzüntü";B2 ;noun;;;;
regret ;piþmanlýk duymak, hayýflanmak;B2 ;verb;;;;
regular ;"düzenli
devamlý";A2 ;adjective;;;;
regularly ;"düzenli olarak; sýk sýk";B1 ;adverb;;;;
regulate ;düzenlemek;B2 ;verb;;;;
regulation ;yönetmelik;B2 ;noun;;;;
rehabilitation ;rehabilitasyon;C1 ;noun;;;;
reign ;"hükümdarlýk, saltanat; hüküm sürme";C1 ;noun;;;;
reign ;hükümdarlýk etmek, saltanat sürmek;C1 ;verb;;;;
reinforce ;saðlamlaþtýrmak, pekiþtirmek, takviye etmek;B2 ;verb;;;;
reject ;reddetmek, geri çevirmek;B1 ;verb;;;;
rejection ;ret, geri çevirme;C1 ;noun;;;;
relate ;"bað kurmak, iliþki kurmak, atfetmek
ilgili olmak";B1 ;verb;;;;
related ;"ilgili, baðlý
akraba";B1 ;adjective;;;;
relation ;iliþkiler;B1 ;noun;;;;
relationship ;iliþki;A2 ;noun;;;;
relative ;-e göre, göreli;B1 ;adjective;;;;
relative ;akraba;B1 ;noun;;;;
relatively ;göreli olarak, nispeten;B2 ;adverb;;;;
relax ;"dinlenmek, rahatlamak
sakin olmak";A1 ;verb;;;;
relaxed ;rahat, rahatlatýcý;B1 ;adjective;;;;
relaxing ;dinlendirici;B1 ;adjective;;;;
release ;"kurtulma; serbest býrakýlma";B1 ;noun;;;;
release ;"serbest býrakmak; kurtarmak";B1 ;verb;;;;
relevance ;"ilgi, iliþki; geçerlilik";C1 ;noun;;;;
relevant ;"ilgili
geçerli";B2 ;adjective;;;;
reliability ;güvenilirlik, saðlamlýk;C1 ;noun;;;;
reliable ;güvenilir, saðlam;B1 ;adjective;;;;
relief ;ferahlýk, rahatlama;B2 ;noun;;;;
relieve ;hafifletmek, gidermek;B2 ;verb;;;;
relieved ;ferahlamýþ, rahatlamýþ;B2 ;adjective;;;;
religion ;din;B1 ;noun;;;;
religious ;dinî;B1 ;adjective;;;;
reluctant ;isteksiz, gönülsüz;C1 ;adjective;;;;
rely ;eline bakmak, muhtaç olmak;B2 ;verb;;;;
remain ;kalmak;B1 ;verb;;;;
remainder ;geri kalan;C1 ;noun;;;;
remains ;kalýntýlar, harabeler;C1 ;noun;;;;
remark ;"yorum; söz";B2 ;noun;;;;
remark ;söylemek, belirtmek, yorumda bulunmak;B2 ;verb;;;;
remarkable ;olaðanüstü, dikkate deðer;B2 ;adjective;;;;
remarkably ;dikkat çekecek þekilde;B2 ;adverb;;;;
remedy ;çare;C1 ;noun;;;;
remember ;hatýrlamak, anýmsamak;A1 ;verb;;;;
remind ;hatýrlatmak, anýmsatmak;B1 ;verb;;;;
reminder ;"uyarý notu, hatýrlatma; hâtýra, hatýrlatan þey";C1 ;noun;;;;
remote ;"sapa, ücra; uzak, ayrý";B1 ;adjective;;;;
removal ;"çýkarma; çýkarýlma";C1 ;noun;;;;
remove ;çýkarmak, gidermek, ortadan kaldýrmak;A2 ;verb;;;;
render ;haline getirmek, kýlmak;C1 ;verb;;;;
renew ;yeniden baþlatmak, canlandýrmak;C1 ;verb;;;;
renowned ;meþhur;C1 ;adjective;;;;
rent ;kira;B1 ;noun;;;;
rent ;kiralamak;B1 ;verb;;;;
rental ;kira bedeli;C1 ;noun;;;;
repair ;"onarmak, tamir etmek; düzeltmek";A2 ;verb;;;;
repair ;onarým, tamir;B1 ;noun;;;;
repeat ;"tekrarlamak; tekrar etmek";A1 ;verb;;;;
repeat ;tekrar yayýnlama;B1 ;noun;;;;
repeated ;defalarca olmuþ, defalarca yapýlan;B1 ;adjective;;;;
replace ;"yerini doldurmak, yerine geçmek
yerine koymak";A2 ;verb;;;;
replacement ;deðiþtirme;C1 ;noun;;;;
reply ;cevap, karþýlýk;A2 ;noun;;;;
reply ;cevap vermek, cevaplamak, karþýlýk vermek;A2 ;verb;;;;
report ;haber, rapor;A1 ;noun;;;;
report ;"haber vermek; bildirmek";A2 ;verb;;;;
reporter ;muhabir;A2 ;noun;;;;
represent ;"temsil etmek
göstermek, simgelemek";B1 ;verb;;;;
representation ;"resim, tasvir, iþaret
sunum";C1 ;noun;;;;
representative ;örnek, temsil eden;B2 ;adjective;;;;
representative ;temsilci;B2 ;noun;;;;
reproduce ;benzerini oluþturmak, kopyasýný yapmak, taklit etmek;C1 ;verb;;;;
reproduction ;üreme;C1 ;noun;;;;
republic ;cumhuriyet;C1 ;noun;;;;
reputation ;ün, nam;B2 ;noun;;;;
request ;rica, talep;A2 ;noun;;;;
request ;ricada bulunmak, talep etmek, rica etmek;B1 ;verb;;;;
require ;istemek, gerektirmek;B1 ;verb;;;;
requirement ;"ihtiyaç; koþul";B2 ;noun;;;;
rescue ;kurtarma;B2 ;noun;;;;
rescue ;kurtarmak, imadýna yetiþmek;B2 ;verb;;;;
research ;araþtýrma;A2 ;noun;;;;
research ;araþtýrmak;A2 ;verb;;;;
researcher ;araþtýrmacý;A2 ;noun;;;;
resemble ;benzemek;C1 ;verb;;;;
reservation ;rezervasyon, yer ayýrtma;B1 ;noun;;;;
reserve ;ihtiyat, rezerv;B2 ;noun;;;;
reserve ;"ayýrmak
ayýrtmak";B2 ;verb;;;;
reside ;oturmak, ikamet etmek;C1 ;verb;;;;
residence ;"konut, ikametgâh
oturma, ikamet";C1 ;noun;;;;
resident ;(bir yerde) oturan;B2 ;adjective;;;;
resident ;sakin, bir yerde oturan;B2 ;noun;;;;
residential ;oturmaya ayrýlmýþ, konutlara ayrýlmýþ;C1 ;adjective;;;;
residue ;artýk, tortu, kalýntý;C1 ;noun;;;;
resign ;istifa etmek, ayrýlmak;B2 ;verb;;;;
resignation ;istifa;C1 ;noun;;;;
resist ;"direnmek; karþý koymak";B2 ;verb;;;;
resistance ;direniþ;C1 ;noun;;;;
resolution ;"karar, önerge
çözünürlük";B2 ;noun;;;;
resolve ;çözmek, halletmek;B2 ;verb;;;;
resort ;tatil yöresi, sayfiye yeri;B2 ;noun;;;;
resource ;kaynak, olanak;B1 ;noun;;;;
respect ;saygý;B1 ;noun;;;;
respect ;saygý duymak;B1 ;verb;;;;
respective ;kendi;C1 ;adjective;;;;
respectively ;sýrasýyla;C1 ;adverb;;;;
respond ;cevap vermek, karþýlýk vermek;A2 ;verb;;;;
response ;cevap, tepki;A2 ;noun;;;;
responsibility ;sorumluluk;B1 ;noun;;;;
responsible ;sorumlu;B1 ;adjective;;;;
rest ;"geri kalan kýsmý, gerisi; diðerleri, geri kalanlar
dinlenme, istirahat";A2 ;noun;;;;
rest ;dinlenmek;A2 ;verb;;;;
restaurant ;lokanta;A1 ;noun;;;;
restoration ;"onarým, restorasyon; geri getirme";C1 ;noun;;;;
restore ; (eski yerine, durumuna, haline vb.) getirmek, onarmak;B2 ;verb;;;;
restraint ;sýnýrlama, kýsýtlama;C1 ;noun;;;;
restrict ;sýnýrlamak, kýsýtlamak;B2 ;verb;;;;
restriction ;"kýsýtlama, tahdit
sýnýrlama";B2 ;noun;;;;
result ;sonuç;A1 ;noun;;;;
result ;ileri gelmek;B1 ;verb;;;;
resume ;yeniden baþlamak, devam etmek;C1 ;verb;;;;
retail ;perakende satýþ;B2 ;noun;;;;
retain ;muhafaza etmek, kaybetmemek;B2 ;verb;;;;
retire ;emekli olmak;B1 ;verb;;;;
retired ;emekli;B1 ;adjective;;;;
retirement ;emeklilik, emekliye ayrýlma;B2 ;noun;;;;
retreat ;geri çekilme, dönüþ;C1 ;noun;;;;
retreat ; (ordu vb.) geri çekilmek;C1 ;verb;;;;
retrieve ;bulmak, çýkarmak;C1 ;verb;;;;
return ;"geri geliþ, dönüþ
kar, getiri";A1 ;noun;;;;
return ;geri gelmek, dönmek;A1 ;verb;;;;
reveal ;açýklamak;B2 ;verb;;;;
revelation ;açýklama, ifþaat;C1 ;noun;;;;
revenge ;öç, intikam;C1 ;noun;;;;
revenue ;gelir;B2 ;noun;;;;
reverse ;aksi, tersi;C1 ;adjective;;;;
reverse ;"tam tersi
geri vites";C1 ;noun;;;;
reverse ;tersine döndürmek, tersine çevirmek;C1 ;verb;;;;
review ;"yeniden inceleme, gözden geçirme
eleþtiri";A2 ;noun;;;;
review ;gözden geçirmek;A2 ;verb;;;;
revise ;elden geçirmek, gözden geçirmek;B1 ;verb;;;;
revision ;gözden geçirme, düzeltme;B2 ;noun;;;;
revival ;"canlanma; canlandýrma";C1 ;noun;;;;
revive ;"canlanmak, dirilmek; canlandýrmak, diriltmek
kazandýrmak";C1 ;verb;;;;
revolution ;ihtilal, devrim;B2 ;noun;;;;
revolutionary ;devrimci, ihtilalci;C1 ;adjective;;;;
reward ;ödül, mükâfat;B2 ;noun;;;;
reward ;ödüllendirmek;B2 ;verb;;;;
rhetoric ;hitabet, belagat;C1 ;noun;;;;
rhythm ;ritm;B2 ;noun;;;;
rice ;pirinç;A1 ;noun;;;;
rich ;zengin;A1 ;adjective;;;;
rid ;kurtarmak, arýndýrmak;B2 ;verb;;;;
ride ;" (at) binmek
 (bisiklet, motosiklet vb.) binmek, kullanmak";A1 ;verb;;;;
ride ;" (araba, otobüs, bisiklet vb.) gezi, gezinti
yolculuk";A2 ;noun;;;;
ridiculous ;aptalca, gülünç;B2 ;adjective;;;;
rifle ;tüfek;C1 ;noun;;;;
right ;doðru, uygun;A1 ;adjective;;;;
right ;tam;A1 ;adverb;;;;
right ;"doðru, iyi
sað, saðda";A1 ;noun;;;;
ring ;"yüzük
halka";A2 ;noun;;;;
ring ;"telefon etmek; telefonla aramak
(telefon vb) çalmak";A2 ;verb;;;;
riot ;ayaklanma;C1 ;noun;;;;
rip ;"yýrtmak; yýrtýlmak";C1 ;verb;;;;
rise ;yükselmek, artmak, týrmanýþa geçmek;A2 ;verb;;;;
rise ;artýþ, yükseliþ;B1 ;noun;;;;
risk ;"risk; riziko, tehlike";B1 ;noun;;;;
risk ;tehlikeye atmak;B1 ;verb;;;;
risky ;tehlikeli, riskli;B2 ;adjective;;;;
ritual ;gelenek, âdet, usul;C1 ;noun;;;;
rival ;rakip;B2 ;noun;;;;
river ;nehir;A1 ;noun;;;;
road ;"yol
sokak, cadde";A1 ;noun;;;;
rob ;soymak;B2 ;verb;;;;
robbery ;soygun;B2 ;noun;;;;
robot ;robot;B1 ;noun;;;;
robust ;saðlýklý, gürbüz;C1 ;adjective;;;;
rock ;"kaya
rock müziði";A2 ;noun;;;;
rock ;"sallanmak; sallamak";C1 ;verb;;;;
rocket ;füze, roket;B2 ;noun;;;;
rod ;çubuk, kamýþ;C1 ;noun;;;;
role ;yer, görev, rol;A2 ;noun;;;;
roll ;top, tomar, rulo, bobin;B1 ;noun;;;;
roll ;"yuvarlanmak; yuvarlamak";B1 ;verb;;;;
romance ;aþk, aþk macerasý;B2 ;noun;;;;
romantic ;romantik;B1 ;adjective;;;;
roof ;"çatý, tavan
yer";A2 ;noun;;;;
room ;oda;A1 ;noun;;;;
root ;kök;B2 ;noun;;;;
rope ;urgan, ip, halat;B1 ;noun;;;;
rose ;gül;B2 ;noun;;;;
rotate ;" (bir eksen etrafýnda) dönmek; döndürmek";C1 ;verb;;;;
rotation ;"devir, dönme, dönüþ
sýra, lokasyon";C1 ;noun;;;;
rough ;"pürüzlü, engebeli
hoyrat, sert, tehlikeli";B1 ;adjective;;;;
roughly ;"yaklaþýk olarak, kabataslak
sertçe";B2 ;adverb;;;;
round ;yuvarlak;A2 ;adjective;;;;
round ;daireler çizerek;A2 ;adverb;;;;
round ;çevresinde, etrafýnda;A2 ;preposition;;;;
round ;"dizi, seri
devre, raund";B2 ;noun;;;;
route ;rota, güzergâh;A2 ;noun;;;;
routine ;program, düzen;A1 ;noun;;;;
routine ;alýþýlmýþ, sýradan;B2 ;adjective;;;;
row ;sýra, dizi;B1 ;noun;;;;
royal ;kraliyet;B1 ;adjective;;;;
rub ;"ovmak, sürtünmek; ovuþturmak, sürtmek";B2 ;verb;;;;
rubber ;"lastik, kauçuk
silgi";B2 ;noun;;;;
rubbish ;"çöp
saçmalýk, zýrva ";A2 ;noun;;;;
rude ;kaba, terbiyesiz;A2 ;adjective;;;;
rugby ;ragbi;B1 ;noun;;;;
ruin ;enkaz, harabe;B2 ;noun;;;;
ruin ;mahvetmek, harap etmek, bozmak;B2 ;verb;;;;
rule ;kural, nizam;A1 ;noun;;;;
rule ;"hüküm sürmek; yönetmek";B1 ;verb;;;;
ruling ;hüküm;C1 ;noun;;;;
rumour ;söylenti, rivayet;C1 ;noun;;;;
run ;"koþmak
iþletmek, çalýþtýrmak, 
yönetmek";A1 ;verb;;;;
run ;koþu;A2 ;noun;;;;
runner ;"koþucu, yarýþçý
kaçakçý";A2 ;noun;;;;
running ;"koþu, yarýþ
iþletme, yönetim";A2 ;noun;;;;
rural ;kýrsal, kýr;B2 ;adjective;;;;
rush ;izdiham, koþuþturma;B2 ;noun;;;;
rush ;"acele etmek, fýrlamak; acele ettirmek";B2 ;verb;;;;
sack ;iþten atmak, iþten çýkarmak;C1 ;verb;;;;
sacred ;kutsal, dinsel;C1 ;adjective;;;;
sacrifice ;fedakârlýk, özveri;C1 ;noun;;;;
sacrifice ;feda etmek;C1 ;verb;;;;
sad ;"üzgün; üzücü";A1 ;adjective;;;;
sadly ;ne yazýk ki, maalesef;A2 ;adverb;;;;
safe ;"güvenli, emniyette; salim";A2 ;adjective;;;;
safety ;güvenlik, emniyet;B1 ;noun;;;;
sail ;" (gemi vb.) yolculuk yapmak, seyretmek, süzülmek
denize açýlmak, gemiyle yola çýkmak";A2 ;verb;;;;
sail ;yelken;B1 ;noun;;;;
sailing ;yelkencilik, yelken sporu;A2 ;noun;;;;
sailor ;gemici, denizci;B1 ;noun;;;;
saint ;aziz, ermiþ;C1 ;noun;;;;
sake ;Allah aþkýna, Allahýný seversen;C1 ;noun;;;;
salad ;salata;A1 ;noun;;;;
salary ;maaþ, aylýk;A2 ;noun;;;;
sale ;satýþ;A2 ;noun;;;;
salt ;tuz;A1 ;noun;;;;
same ;ayný;A1 ;adjective;;;;
same ;eþit olarak, ayný þekilde;A1 ;adverb;;;;
same ;ayný, aynýsý;A1 ;pronoun;;;;
sample ;"örnek, numune; örnek grup";B1 ;noun;;;;
sample ;denemek, tadýna bakmak;B2 ;verb;;;;
sanction ;ambargo, yaptýrým;C1 ;noun;;;;
sand ;"kum
kumlu kumsal";B1 ;noun;;;;
sandwich ;sandviç;A1 ;noun;;;;
satellite ;yapay uydu;B2 ;noun;;;;
satisfaction ;"haz kaynaðý; memnuniyet, doyum";B2 ;noun;;;;
satisfied ;memnun, hoþnut;B2 ;adjective;;;;
satisfy ;memnun etmek, tatmin etmek;B2 ;verb;;;;
Saturday ;Cumartesi (günü);A1 ;noun;;;;
sauce ;sos;A2 ;noun;;;;
save ;"kurtarmak
kaydetmek
para biriktirmek";A2 ;verb;;;;
saving ;tasarruf;B2 ;noun;;;;
say ;söylemek, demek;A1 ;verb;;;;
say ;söz hakký;C1 ;noun;;;;
scale ;"ölçü, boyut, kapsam
ölçek, barem";B2 ;noun;;;;
scan ;taramak, göz gezdirmek;B1 ;verb;;;;
scandal ;"rezalet, skandal
dedikodu";B2 ;noun;;;;
scare ;"panik
korku, ürküntü";B2 ;noun;;;;
scare ;korkutmak, ürkütmek;B2 ;verb;;;;
scared ;korkmuþ, tedirgin;A2 ;adjective;;;;
scary ;ürkütücü, tedirgin edici;A2 ;adjective;;;;
scattered ;daðýnýk, saçýlmýþ, aralýklý, araya serpiþtirilmiþ;C1 ;adjective;;;;
scenario ;senaryo;B2 ;noun;;;;
scene ;"olay yeri
sahne";A2 ;noun;;;;
sceptical ;þüpheli;C1 ;adjective;;;;
schedule ;program;A2 ;noun;;;;
schedule ;planlamak, programlamak;B2 ;verb;;;;
scheme ;plan, sistem, proje;B2 ;noun;;;;
scholar ;"âlim, bilgin
burslu öðrenci";B2 ;noun;;;;
scholarship ;burs;B2 ;noun;;;;
school ;okul, okul binasý;A1 ;noun;;;;
science ;bilim, fen;A1 ;noun;;;;
scientific ;bilimsel;B1 ;adjective;;;;
scientist ;bilim insaný, fenci;A1 ;noun;;;;
scope ;"fýrsat
kapsam";C1 ;noun;;;;
score ;sonuç, puan, sayý;A2 ;noun;;;;
score ;" (gol, puan, baþarý, zafer vb.) kazanmak; sayý yapmak";A2 ;verb;;;;
scratch ;"çizik, sýyrýk
kaþýnma, kaþýma";B2 ;noun;;;;
scratch ;"kaþýnmak; kaþýmak";B2 ;verb;;;;
scream ;çýðlýk, haykýrma;B2 ;noun;;;;
scream ;çýðlýk atmak, haykýrmak;B2 ;verb;;;;
screen ;ekran;A2 ;noun;;;;
screen ;örtmek, korumak;B2 ;verb;;;;
screening ;gösterim;B2 ;noun;;;;
screw ;vida;C1 ;noun;;;;
screw ;"vidalamak, vidayla tutturmak
döndürerek sýkýþtýrmak";C1 ;verb;;;;
script ;senaryo, konuþma metni;B1 ;noun;;;;
scrutiny ;inceleme, gözlem;C1 ;noun;;;;
sculpture ;heykel;B1 ;noun;;;;
sea ;deniz;A1 ;noun;;;;
seal ;"mühür
týpa, kapak";C1 ;noun;;;;
seal ; (paket, zarf vb.) yapýþtýrmak, bantlamak;C1 ;verb;;;;
search ;arama;A2 ;noun;;;;
search ;aramak, bakmak;A2 ;verb;;;;
season ;"mevsim
sezon";A2 ;noun;;;;
seat ;oturacak yer, koltuk;A2 ;noun;;;;
seat ;oturtmak;B2 ;verb;;;;
second ;ikinci;A1 ;determiner;;;;
second ;saniye;A1 ;noun;;;;
second ;ikinci;A1 ;ord. number;;;;
second ;ikinci;A2 ;adverb;;;;
secondary ;ikincil;B1 ;adjective;;;;
secondly ;ikincisi, ayrýca;A2 ;adverb;;;;
secret ;gizli;A2 ;adjective;;;;
secret ;sýr;A2 ;noun;;;;
secretary ;"sekreter
bakan";A2 ;noun;;;;
section ;bölüm, kýsým;A1 ;noun;;;;
sector ;sektör;B2 ;noun;;;;
secular ;dinle ilgisiz, laik;C1 ;adjective;;;;
secure ;güvenli, emniyette;B2 ;adjective;;;;
secure ;saðlama almak, baðlamak;B2 ;verb;;;;
security ;güvenlik;B1 ;noun;;;;
see ;"görmek
anlamak, farkýna varmak";A1 ;verb;;;;
seed ;çekirdek, tohum;B1 ;noun;;;;
seek ;aramak, bulmaya çalýþmak;B2 ;verb;;;;
seeker ;arayan;B2 ;noun;;;;
seem ;gibi görünmek;A2 ;verb;;;;
seemingly ;görünürde;C1 ;adverb;;;;
segment ;dilim, bölüm;C1 ;noun;;;;
seize ;"yakalamak, tutmak, kapmak
ele geçirmek, el koymak";C1 ;verb;;;;
seldom ;seyrek olarak, nadiren;C1 ;adverb;;;;
select ;seçmek, ayýklamak;B2 ;verb;;;;
selection ;"seçme; seçilme";B2 ;noun;;;;
selective ;seçici, ayrýcalýklý;C1 ;adjective;;;;
self ;kendi, kendisi;B2 ;noun;;;;
sell ;satmak;A1 ;verb;;;;
seminar ;seminer, ders;B2 ;noun;;;;
senator ;senatör;C1 ;noun;;;;
send ;göndermek, yollamak;A1 ;verb;;;;
senior ;üst, kýdemli;B2 ;adjective;;;;
sensation ;"duygu, duyu
sansasyon";C1 ;noun;;;;
sense ;"duyu
duygu";A2 ;noun;;;;
sense ;sezinlemek;B2 ;verb;;;;
sensible ;aklý baþýnda, makul, mantýklý;B1 ;adjective;;;;
sensitive ;duyarlý, hassas;B2 ;adjective;;;;
sensitivity ;duyarlýlýk, hassaslýk;C1 ;noun;;;;
sentence ;" (gramer) cümle, tümce
hüküm, ceza";A1 ;noun;;;;
sentence ;mahkûm etmek, cezaya çarptýrmak;B2 ;verb;;;;
sentiment ;duygu, görüþ;C1 ;noun;;;;
separate ;ayrý, farklý;A2 ;adjective;;;;
separate ;"ayrý tutmak, ayýrmak
ayrýlmak";B1 ;verb;;;;
separation ;ayrýlýk, ayrýlma;C1 ;noun;;;;
September ;Eylül;A1 ;noun;;;;
sequence ;dizi, zincir;B2 ;noun;;;;
series ;dizi;A2 ;noun;;;;
serious ;"ciddi, vahim
önemli";A2 ;adjective;;;;
seriously ;ciddi bir þekilde;B1 ;adverb;;;;
servant ;hizmetçi, uþak;B1 ;noun;;;;
serve ;"servis yapmak
hizmet vermek, hizmet sunmak";A2 ;verb;;;;
service ;"… Hizmetleri, … Ýþleri; hizmet, servis";A2 ;noun;;;;
session ;"seans
oturum, celse";B2 ;noun;;;;
set ;set, takým, dizi;B1 ;noun;;;;
set ;"koymak, oturtmak
kurmak, ayarlamak";B1 ;verb;;;;
setting ;"çevre, yer
ayar";B1 ;noun;;;;
settle ;"anlaþmaya varmak; halletmek";B2 ;verb;;;;
settlement ;"anlaþma
yerleþme alaný";C1 ;noun;;;;
settler ;göçmen;B2 ;noun;;;;
set-up ;"düzen; sistem";C1 ;noun;;;;
seven ;yedi;A1 ;number;;;;
seventeen ;on yedi;A1 ;number;;;;
seventy ;yetmiþ;A1 ;number;;;;
several ;birkaç;A2 ;determiner;;;;
several ;birkaçý;A2 ;pronoun;;;;
severe ;ciddi, sert;B2 ;adjective;;;;
severely ;"þiddetli bir þekilde; sert bir þekilde";B2 ;adverb;;;;
sex ;"cinsiyet
cinsel iliþki, seks";B1 ;noun;;;;
sexual ;cinsel;B1 ;adjective;;;;
sexuality ;cinsellik;C1 ;noun;;;;
sexy ;seksi, çekici;B2 ;adjective;;;;
shade ;"gölgelik yer
ton";B2 ;noun;;;;
shadow ;gölge;B2 ;noun;;;;
shake ;"sallanmak, titremek, çalkalanmak; sallamak, çalkalamak";A2 ;verb;;;;
shake ;sallama, sarsýntý, çalkalama;B1 ;noun;;;;
shall ;-ecek;A2 ;modal verb;;;;
shallow ;sýð;B2 ;adjective;;;;
shame ;"utanç; utanma";B2 ;noun;;;;
shape ;"þekil, biçim
hal, durum ";A2 ;noun;;;;
shape ;biçimlendirmek, þekillendirmek;B2 ;verb;;;;
shaped ;þeklinde, biçiminde;B2 ;adjective;;;;
share ;paylaþmak, bölüþmek;A1 ;verb;;;;
share ;"pay, hisse
hisse senedi";B1 ;noun;;;;
shareholder ;hissedar;C1 ;noun;;;;
sharp ;keskin, sivri;B1 ;adjective;;;;
shatter ;"tuzla buz olmak, paramparça olmak; tuzla buz etmek, paramparça etmek
yýkmak ";C1 ;verb;;;;
she ; (diþil) o;A1 ;pronoun;;;;
shed ;" (bir þeyden) kurtulmak, atmak
dökmek ";C1 ;verb;;;;
sheep ;koyun;A1 ;noun;;;;
sheer ;sýrf, düpedüz, yalnýz;C1 ;adjective;;;;
sheet ;"çarþaf
kaðýt";A2 ;noun;;;;
shelf ;raf;B1 ;noun;;;;
shell ;kabuk;B1 ;noun;;;;
shelter ;"sýðýnma, barýnma
sýðýnak";B2 ;noun;;;;
shelter ;korumak, barýndýrmak;B2 ;verb;;;;
shift ;"deðiþiklik, deðiþim
vardiya";B1 ;noun;;;;
shift ;"yerini deðiþtirmek; yer deðiþtirmek";B2 ;verb;;;;
shine ;parlamak, ýþýk saçmak;B1 ;verb;;;;
shiny ;parlak;B1 ;adjective;;;;
ship ;"gemi, vapur
nakliye";A2 ;noun;;;;
ship ;gemi ile göndermek, gemi ile nakletmek;B2 ;verb;;;;
shipping ;gemiler, deniz trafiði;C1 ;noun;;;;
shirt ;gömlek;A1 ;noun;;;;
shock ;þok;B2 ;noun;;;;
shock ;þoke etmek, sarsmak, çok þaþýrtmak;B2 ;verb;;;;
shocked ;"þaþýrmýþ; dehþete düþmüþ";B2 ;adjective;;;;
shocking ;dehþet verici;B2 ;adjective;;;;
shoe ;ayakkabý;A1 ;noun;;;;
shoot ;"ateþ etmek; (ok vb.) atmak";B1 ;verb;;;;
shoot ;filiz, sürgün;C1 ;noun;;;;
shooting ; (silahla) öldürülme;B2 ;Noun;;;;
shop ;dükkân, maðaza;A1 ;noun;;;;
shop ;alýþveriþ yapmak;A1 ;verb;;;;
shopping ;alýþveriþ;A1 ;noun;;;;
shore ;sahil, kýyý;B2 ;noun;;;;
short ;kýsa;A1 ;adjective;;;;
shortage ;"kýtlýk; (öðretmen, personel vb.) açýk";B2 ;noun;;;;
shortly ;kýsa zamanda, az sonra;B2 ;adverb;;;;
short-term ;kýsa vadeli;B2 ;adjective;;;;
shot ;ateþ etme, atýþ;B2 ;noun;;;;
should ;-meli, yapýlmasý gerekir;A1 ;modal verb;;;;
shoulder ;omuz;A2 ;noun;;;;
shout ;baðýrýþ, haykýrýþ;A2 ;noun;;;;
shout ;seslenmek, baðýrmak;A2 ;verb;;;;
show ;þov, gösteri;A1 ;noun;;;;
show ;göstermek, ortaya koymak;A1 ;verb;;;;
shower ;"duþ
saðanak";A1 ;noun;;;;
shrink ;"çekmek, küçülmek; çektirmek, küçültmek";C1 ;verb;;;;
shrug ;omuz silkmek;C1 ;verb;;;;
shut ;kapalý;A2 ;adjective;;;;
shut ;"kapatmak
hapsetmek";A2 ;verb;;;;
shy ;utangaç, sýkýlgan, çekingen;B1 ;adjective;;;;
sibling ;kardeþ;B2 ;noun;;;;
sick ;hasta;A1 ;adjective;;;;
side ;"kenar
yan taraf ";A2 ;noun;;;;
sigh ;soluk alma;C1 ;noun;;;;
sigh ;iç çekmek;C1 ;verb;;;;
sight ;"görme yeteneði, görme
görüþ alaný ";B1 ;noun;;;;
sign ;"belirti, emare
tabela, levha, iþaret ";A2 ;noun;;;;
sign ;"imzalamak
kayýt olmak ";A2 ;verb;;;;
signal ;iþaret, sinyal;B1 ;noun;;;;
signal ;iþaret etmek, sinyal göndermek, göstermek;B1 ;verb;;;;
signature ;imza;B2 ;noun;;;;
significance ;önem, anlam;B2 ;noun;;;;
significant ;önemli, anlamlý, belirgin;B2 ;adjective;;;;
significantly ;"belirgin bir þekilde; anlamlý bir biçimde";B2 ;adverb;;;;
silence ;sessizlik;B2 ;noun;;;;
silent ;sessiz;B1 ;adjective;;;;
silk ;ipek;B2 ;noun;;;;
silly ;salak, saçma, zevzek;B1 ;adjective;;;;
silver ;gümüþ rengi;A2 ;adjective;;;;
silver ;gümüþ;A2 ;noun;;;;
similar ;benzer, birbirine yakýn;A1 ;adjective;;;;
similarity ;benzerlik;B1 ;noun;;;;
similarly ;ayný þekilde, bunun gibi;B1 ;adverb;;;;
simple ;"basit
sade";A2 ;adjective;;;;
simply ;"tek yapmanýz gereken
basitçe";B1 ;adverb;;;;
simulate ;aynýsýný yapmak, taklit etmek;C1 ;verb;;;;
simulation ;ayný-yapým, taklit, simülasyon;C1 ;noun;;;;
simultaneously ;ayný zamanda;C1 ;adverb;;;;
sin ;günah;C1 ;noun;;;;
since ;-den beri;A2 ;conjunction;;;;
since ;-den beri;A2 ;preposition;;;;
since ;o zamandan beri, o zamandan bu yana;B1 ;adverb;;;;
sincere ; (söz, duygu vb.) içten, gönülden;B2 ;adjective;;;;
sing ;"þarký söylemek, þakýmak; söylemek";A1 ;verb;;;;
singer ;þarkýcý;A1 ;noun;;;;
singing ;þarký söyleme;A2 ;noun;;;;
single ;"tek, tek bir
bekar";A2 ;adjective;;;;
single ;"gidiþ bileti
tek þarkýlýk (plak, cd vb.)";A2 ;noun;;;;
sink ;batmak, batýrmak;B1 ;verb;;;;
sir ;Efendim, Beyefendi;A2 ;noun;;;;
sister ;kýz kardeþ;A1 ;noun;;;;
sit ;oturmak;A1 ;verb;;;;
site ;alan, arazi, yer, mahal;A2 ;noun;;;;
situated ;konuþlandýrýlmýþ, kurulu, inþa edilmiþ;C1 ;adjective;;;;
situation ;durum;A1 ;noun;;;;
six ;altý;A1 ;number;;;;
sixteen ;onaltý;A1 ;number;;;;
sixty ;altmýþ;A1 ;number;;;;
size ;"büyüklük, boyut
beden, ölçü, ebat ";A2 ;noun;;;;
sketch ;"taslak, kroki, eskiz, kabataslak resim
skeç ";C1 ;noun;;;;
ski ;kayak …;A2 ;adjective;;;;
ski ;kayak;A2 ;noun;;;;
ski ;kayak yapmak;A2 ;verb;;;;
skiing ;kayak;A2 ;noun;;;;
skill ;beceri, ustalýk, hüner;A1 ;noun;;;;
skilled ;becerikli, vasýflý;B2 ;adjective;;;;
skin ;deri, cilt, ten;A2 ;noun;;;;
skip ;"zýplamak, sekmek, seke seke yürümek
atlamak, atlatmak ";C1 ;verb;;;;
skirt ;etek;A1 ;noun;;;;
skull ;kafatasý;B2 ;noun;;;;
sky ;gökyüzü;A2 ;noun;;;;
slam ;çarpmak;C1 ;verb;;;;
slap ;tokatlamak, tokat atmak;C1 ;verb;;;;
slash ;yarmak, kesmek;C1 ;verb;;;;
slave ;köle;B2 ;noun;;;;
slavery ;kölelik (sistemi);C1 ;noun;;;;
sleep ;uyumak;A1 ;verb;;;;
sleep ;uyku;A2 ;noun;;;;
slice ;dilim;B1 ;noun;;;;
slice ;dilimlemek, dilimlere ayýrmak;B1 ;verb;;;;
slide ;"düþüþ, iniþ
kaydýrak";B2 ;noun;;;;
slide ;"kaymak; kaydýrmak";B2 ;verb;;;;
slight ;ufak, küçük, hafif, basit, önemsiz;B2 ;adjective;;;;
slightly ;birazcýk, azýcýk;B1 ;adverb;;;;
slip ;ayaðý kaymak;B2 ;verb;;;;
slogan ;slogan;B2 ;noun;;;;
slope ;yokuþ, bayýr;B2 ;noun;;;;
slope ;eðim yapmak, eðimi olmak;B2 ;verb;;;;
slot ;delik;C1 ;noun;;;;
slow ;yavaþ, aðýr;A1 ;adjective;;;;
slow ;yavaþlatmak;B1 ;verb;;;;
slowly ;yavaþça, aðýr aðýr;A2 ;adverb;;;;
small ;küçük, ufak;A1 ;adjective;;;;
smart ;" (kiþi) þýk
zeki, akýllý ";B1 ;adjective;;;;
smartphone ;akýllý telefon;A2 ;noun;;;;
smash ;"parçalamak, parçalara ayýrmak; parçalanmak, parçalara ayrýlmak";C1 ;verb;;;;
smell ;koku;A2 ;noun;;;;
smell ;"kokmak
koklamak ";A2 ;verb;;;;
smile ;gülümseme, gülücük;A2 ;noun;;;;
smile ;gülümsemek;A2 ;verb;;;;
smoke ;duman;A2 ;noun;;;;
smoke ;sigara içmek;A2 ;verb;;;;
smoking ;sigara içme;A2 ;noun;;;;
smooth ;"düzgün, pürüzsüz
rahat, yumuþak ";B1 ;adjective;;;;
snake ;yýlan;A1 ;noun;;;;
snap ;"kýrýlmak, kopmak
parmaklarýný þýklatmak";C1 ;verb;;;;
snow ;kar;A1 ;noun;;;;
snow ;kar yaðmak;A1 ;verb;;;;
so ;öyle, öyle … ki, o kadar, bu kadar, çok;A1 ;adverb;;;;
so ;-sin diye;A1 ;conjunction;;;;
soak ;"ýslanmak; ýslatmak, suya basmak";C1 ;verb;;;;
soap ;sabun;A2 ;noun;;;;
soar ;"yükselmek; (fiyat vb.) fýrlamak";C1 ;verb;;;;
so-called ;"sözüm ona, sözde
namýdiðer";B2 ;adjective;;;;
soccer [football] ;futbol;A2 ;noun;;;;
social ;toplumsal, sosyal;A2 ;adjective;;;;
socialist ;sosyalist, toplumcu;C1 ;adjective;;;;
society ;"toplum
dernek, kulüp, cemiyet ";A2 ;noun;;;;
sock ;kýsa çorap, soket çorap;A2 ;noun;;;;
soft ;yumuþak;A2 ;adjective;;;;
software ;yazýlým;B1 ;noun;;;;
soil ;toprak;B1 ;noun;;;;
solar ;güneþle ilgili;B2 ;adjective;;;;
soldier ;asker;A2 ;noun;;;;
sole ;tek, yegâne;C1 ;adjective;;;;
solely ;yalnýzca, sýrf;C1 ;adverb;;;;
solicitor ;avukat;C1 ;noun;;;;
solid ;"katý
saðlam ";B1 ;adjective;;;;
solid ;katý cisim;B1 ;noun;;;;
solidarity ;dayanýþma;C1 ;noun;;;;
solo ;tek baþýna, yalnýz;C1 ;adjective;;;;
solo ;solo;C1 ;noun;;;;
solution ;çözüm, çözüm yolu;A2 ;noun;;;;
solve ;çözmek, halletmek;A2 ;verb;;;;
some ;biraz, bir miktar;A1 ;determiner;;;;
some ;biraz, bir miktar;A1 ;pronoun;;;;
somebody ;biri, birisi;A1 ;pronoun;;;;
somehow ;bir þekilde, bir yolunu bulup, her nasýlsa;B2 ;adverb;;;;
someone [somebody] ;biri, birisi;A1 ;pronoun;;;;
something ;bir þey;A1 ;pronoun;;;;
sometime ;bir ara;B2 ;adverb;;;;
sometimes ;bazen, ara sýra;A1 ;adverb;;;;
somewhat ;oldukça, az çok;B2 ;adverb;;;;
somewhere ;bir yer, bir yerde, bir yere;A2 ;adverb;;;;
son ;oðul;A1 ;noun;;;;
song ;þarký;A1 ;noun;;;;
soon ;hemen, çok geçmeden;A1 ;adverb;;;;
sophisticated ;kültürlü, görmüþ geçirmiþ;B2 ;adjective;;;;
sorry ;üzgün;A1 ;adjective;;;;
sorry ;affedersiniz!, özür dilerim;A1 ;exclamation;;;;
sort ;çeþit, tür;A2 ;noun;;;;
sort ;ayýrmak, düzenlemek, tasnif etmek;B1 ;verb;;;;
soul ; (din) ruh;B2 ;noun;;;;
sound ;ses;A1 ;noun;;;;
sound ;gibi gelmek, -e benzemek;A1 ;verb;;;;
sound ;güvenilir, saðlam;C1 ;adjective;;;;
soup ;çorba;A1 ;noun;;;;
source ;kaynak;A2 ;noun;;;;
south ;güney;A1 ;adjective;;;;
south ;güneye, güneyi;A1 ;adverb;;;;
south ;güney;A1 ;noun;;;;
southern ;"güney; güneye ait";B1 ;adjective;;;;
sovereignty ;baðýmsýzlýk, egemenlik;C1 ;noun;;;;
space ;"yer, alan, boþluk
uzay ";A1 ;noun;;;;
spam ;e-posta ile reklam yapma;C1 ;noun;;;;
span ;"süre, müddet
geniþlik, açýklýk ";C1 ;noun;;;;
span ;" (yol, göl, nehir vb.) üstünden köprü geçmek
sürmek ";C1 ;verb;;;;
spare ;yedek;B2 ;adjective;;;;
spare ;"ayýrmak, vermek
saklamak, kurtarmak";C1 ;verb;;;;
spark ;ateþlemek, baþlatmak;C1 ;verb;;;;
speak ;konuþmak;A1 ;verb;;;;
speaker ;"konuþmacý
hoparlör ";A2 ;noun;;;;
special ;özel;A1 ;adjective;;;;
specialist ;uzman;B2 ;noun;;;;
specialize ;uzmanlaþmak, uzmanlýk alaný olmak;B2 ;verb;;;;
specialized ;özel bir amaç için geliþtirilmiþ;C1 ;adjective;;;;
species ;tür, cins;B2 ;noun;;;;
specific ;kesin, açýk, ayrýntýlý;A2 ;adjective;;;;
specifically ;"özel olarak; özellikle";B1 ;adverb;;;;
specification ;þartname, tarifname;C1 ;noun;;;;
specify ;açýkça belirtmek, kesin olarak belirtmek;B2 ;verb;;;;
specimen ;örnek;C1 ;noun;;;;
spectacle ;gösteri, manzara;C1 ;noun;;;;
spectacular ;harikulade, göz alýcý, muhteþem;B2 ;adjective;;;;
spectator ;seyirci, izleyici;B2 ;noun;;;;
spectrum ;tayf;C1 ;noun;;;;
speculate ;"tahminde bulunmak, tahmin yürütmek
spekülasyon yapmak ";B2 ;verb;;;;
speculation ;spekülasyon, tahmin yürütme;B2 ;noun;;;;
speech ;söylev, konuþma;A2 ;noun;;;;
speed ;hýz, sürat;A2 ;noun;;;;
speed ;hýzla geçmek, çabucak geçmek;B2 ;verb;;;;
spell ;hecelemek, harf harf söylemek;A1 ;verb;;;;
spell ;"dönem, süre, dalga
büyü, sihir ";C1 ;noun;;;;
spelling ;imla;A1 ;noun;;;;
spend ;"para harcamak
(zaman) geçirmek ";A1 ;verb;;;;
spending ;ödenek;B1 ;noun;;;;
sphere ;küre;C1 ;noun;;;;
spice ;baharat;B2 ;noun;;;;
spicy ;baharatlý, çeþnili;B1 ;adjective;;;;
spider ;örümcek;A2 ;noun;;;;
spill ;" (kazara) dökmek; dökülmek";B2 ;verb;;;;
spin ;"dönme; döndürme";C1 ;noun;;;;
spin ;"dönmek; döndürmek";C1 ;verb;;;;
spine ;omurga, bel kemiði;C1 ;noun;;;;
spirit ;ruh;B1 ;noun;;;;
spiritual ;manevi, tinsel;B2 ;adjective;;;;
spite ;kin, garez;B2 ;noun;;;;
split ;ayrýlýk, bölünme, hizip, klik;B2 ;noun;;;;
split ;"ayrýlmak; ayýrmak
bölmek, paylaþmak";B2 ;verb;;;;
spoil ;"bozmak, mahvetmek, berbat etmek
þýmartmak ";B2 ;verb;;;;
spoken ;konuþma;B1 ;adjective;;;;
spokesman ;sözcü;B2 ;noun;;;;
spokesperson ;sözcü;B2 ;noun;;;;
spokeswoman ;sözcü;B2 ;noun;;;;
sponsor ; (spor) sponsor;B2 ;noun;;;;
sponsor ;sponsorluk yapmak, finanse etmek;B2 ;verb;;;;
sponsorship ;sponsorluk, himaye;B2 ;noun;;;;
spoon ;kaþýk;A2 ;noun;;;;
sport ;spor;A1 ;noun;;;;
sporting ;sporla ilgili;B2 ;adjective;;;;
spot ;"benek, puan
yer ";B1 ;noun;;;;
spot ;görmek, farketmek, seçmek;B2 ;verb;;;;
spotlight ;projektör, spot, sahne ýþýðý;C1 ;noun;;;;
spouse ;eþ, karý veya koca;C1 ;noun;;;;
spread ;yaymak, sermek;B1 ;verb;;;;
spread ;yayma, yayýlma;B2 ;noun;;;;
spring ;bahar, ilkbahar;A1 ;noun;;;;
spring ;sýçramak, zýplamak;B2 ;verb;;;;
spy ;casus;C1 ;noun;;;;
spy ;casusluk etmek;C1 ;verb;;;;
squad ;ekip, takým;C1 ;noun;;;;
square ;"kare
metrekare";A2 ;adjective;;;;
square ;kare;A2 ;noun;;;;
squeeze ;"sýkmak; (el vb.) ovuþturmak
sýkýþmak, sýkýþtýrmak ";C1 ;verb;;;;
stab ;býçak vb. saplamak;C1 ;verb;;;;
stability ;istikrar, denge, saðlamlýk;C1 ;noun;;;;
stabilize ;"istikrara kavuþmak, istikrara kavuþturmak; oturmak, oturtmak";C1 ;verb;;;;
stable ;"saðlam; dengeli, kalýcý, istikrarlý";B2 ;adjective;;;;
stadium ;stadyum;B1 ;noun;;;;
staff ;personel, eleman, kadro;B1 ;noun;;;;
stage ;"aþama, evre
sahne ";A2 ;noun;;;;
stage ;sahnelemek;B2 ;verb;;;;
stair ;"merdiven
basamak ";A2 ;noun;;;;
stake ;kazýk;C1 ;noun;;;;
stall ;tezgâh;B2 ;noun;;;;
stamp ;posta pulu;A2 ;noun;;;;
stance ;tutum;B2 ;noun;;;;
stand ;ayakta durmak;A1 ;verb;;;;
stand ;"tavýr, çaba
tezgah, stand, sergi ";B2 ;noun;;;;
standard ;standart, normal;B1 ;adjective;;;;
standard ;standart;B1 ;noun;;;;
standing ;geçerli, süresiz, kalýcý;C1 ;adjective;;;;
star ;yýldýz;A1 ;noun;;;;
star ;baþrolde oynamak;A2 ;verb;;;;
stare ;gözlerini dikmek, bakakalmak;B2 ;verb;;;;
stark ;çýplak, yalýn, sade;C1 ;adjective;;;;
start ;baþlamak;A1 ;verb;;;;
start ;"baþlangýç
çýkýþ, start noktasý ";A2 ;noun;;;;
starve ;"açlýktan ölmek; açlýktan öldürmek";B2 ;verb;;;;
state ;"durum, hal
eyalet ";A2 ;noun;;;;
state ;devlet, devlet kontrolünde;B1 ;adjective;;;;
state ;belirtmek, ifade etmek;B1 ;verb;;;;
statement ;demeç, ifade;A1 ;noun;;;;
station ;"tren istasyonu
istasyon";A1 ;noun;;;;
statistic ;istatistik;B1 ;noun;;;;
statistical ;istatistiksel;C1 ;adjective;;;;
statue ;heykel;B1 ;noun;;;;
status ;"medeni hal, durum
statü, mevki ";B2 ;noun;;;;
stay ;kalmak;A1 ;verb;;;;
stay ;kalýþ, ziyaret;A2 ;noun;;;;
steadily ;"düzenli bir þekilde; sabit bir þekilde";B2 ;adverb;;;;
steady ;düzenli, istikrarlý;B2 ;adjective;;;;
steal ;çalmak;A2 ;verb;;;;
steam ;buhar;B2 ;noun;;;;
steel ;çelik;B2 ;noun;;;;
steep ;engebeli, sarp, dik;B2 ;adjective;;;;
steer ;direksiyonda olmak, dümende olmak, sürmek;C1 ;verb;;;;
stem ; (bitki) sap;C1 ;noun;;;;
stem ;önünü almak, durdurmak;C1 ;verb;;;;
step ;"adým
basamak ";A2 ;noun;;;;
step ;"adým atmak; basmak";B2 ;verb;;;;
stereotype ;basmakalýp örnek, beylik tip, kliþe;C1 ;noun;;;;
stick ;sopa, deðnek;B1 ;noun;;;;
stick ;"batmak; batýrmak";B1 ;verb;;;;
sticky ;yapýþkan, yapýþ yapýþ;B2 ;adjective;;;;
stiff ;"sert, katý, sýký; tutuk, tutukluk yapan";B2 ;adjective;;;;
still ;hâlâ;A1 ;adverb;;;;
still ;hareketsiz, kýpýrdamadan;B1 ;adjective;;;;
stimulate ;uyarmak, harekete geçirmek, canlandýrmak;B2 ;verb;;;;
stimulus ;uyarým, esin kaynaðý, teþvik;C1 ;noun;;;;
stir ;"karýþtýrmak
kýmýldamak, kýmýldatmak ";C1 ;verb;;;;
stock ;"stok; mevcut";B2 ;noun;;;;
stomach ;"mide
karýn ";A2 ;noun;;;;
stone ;taþ;A2 ;noun;;;;
stop ;"durak; durma";A1 ;noun;;;;
stop ;"durmak; durdurmak";A1 ;verb;;;;
storage ;"depolama; depo";C1 ;noun;;;;
store ;"maðaza
depo, stok ";A2 ;noun;;;;
store ;depolamak, saklamak;B1 ;verb;;;;
storm ;fýrtýna;A2 ;noun;;;;
story ;"masal; hikâye, öykü";A1 ;noun;;;;
straight ;düz;A2 ;adjective;;;;
straight ;dosdoðru, dümdüz, düz;A2 ;adverb;;;;
straightforward ;basit, açýk;C1 ;adjective;;;;
strain ;gerginlik, yük, üzüntü;C1 ;noun;;;;
strand ;lif, iplik, tel;C1 ;noun;;;;
strange ;garip, acayip, tuhaf;A2 ;adjective;;;;
stranger ;yabancý;B1 ;noun;;;;
strategic ;stratejik, önemli;C1 ;adjective;;;;
strategy ;strateji, plan;A2 ;noun;;;;
stream ;"dere, çay
akýþ ";B2 ;noun;;;;
street ;sokak, cadde;A1 ;noun;;;;
strength ;"güç, kuvvet
dayanýklýlýk, saðlamlýk ";B1 ;noun;;;;
strengthen ;"güçlenmek; güçlendirmek";B2 ;verb;;;;
stress ;stres, gerilim;A2 ;noun;;;;
stress ;vurgulamak;A2 ;verb;;;;
stretch ;bölge;B2 ;noun;;;;
stretch ;"uzamak, gerilmek; uzatmak, germek";B2 ;verb;;;;
strict ;"sert; disiplinli, katý, sýký";B2 ;adjective;;;;
strictly ;kesinlikle;B2 ;adverb;;;;
strike ;"grev
saldýrý ";B2 ;noun;;;;
strike ;çarpmak, vurmak, çakmak;B2 ;verb;;;;
striking ;çarpýcý;C1 ;adjective;;;;
string ;ip, sicim;B1 ;noun;;;;
strip ;þerit;C1 ;noun;;;;
strip ;"soymak; soyunmak
kazýmak ";C1 ;verb;;;;
strive ;çabalamak, gayret etmek;C1 ;verb;;;;
stroke ;vuruþ, kulaç, kürek çekme;B2 ;noun;;;;
strong ;"güçlü
þiddetli ";A1 ;adjective;;;;
strongly ;"güçlü bir þekilde; tamamýyla";B1 ;adverb;;;;
structural ;yapýsal;C1 ;adjective;;;;
structure ;yapý;A2 ;noun;;;;
structure ;düzenlemek, planlamak;B2 ;verb;;;;
struggle ;mücadele;B2 ;noun;;;;
struggle ;"boðuþmak, mücadele etmek, çabalamak
çýrpýnmak, debelenmek ";B2 ;verb;;;;
student ;öðrenci;A1 ;noun;;;;
studio ;stüdyo;B1 ;noun;;;;
study ;çalýþma;A1 ;noun;;;;
study ;çalýþmak, okumak;A1 ;verb;;;;
stuff ;þey;B1 ;noun;;;;
stuff ;doldurmak;B2 ;verb;;;;
stumble ;tökezlemek;C1 ;verb;;;;
stun ;sersemletmek;C1 ;verb;;;;
stunning ;þahane, müthiþ;B2 ;adjective;;;;
stupid ;aptal, budala;A2 ;adjective;;;;
style ;"stil, üslup, tarz
moda, model, tarz ";A1 ;noun;;;;
subject ;"konu
ders ";A1 ;noun;;;;
subject ;maruz, eðilimli;B2 ;adjective;;;;
submission ;boyun eðme, teslim olma;C1 ;noun;;;;
submit ;teslim etmek, sunmak;B2 ;verb;;;;
subscriber ;abone;C1 ;noun;;;;
subscription ;aidat, abonelik ücreti;C1 ;noun;;;;
subsequent ;sonraki, izleyen, -i takip eden;B2 ;adjective;;;;
subsequently ;daha sonra;B2 ;adverb;;;;
subsidy ;ödenek, sübvansiyon;C1 ;noun;;;;
substance ;madde;B1 ;noun;;;;
substantial ;esaslý, hatýrý sayýlýr;C1 ;adjective;;;;
substantially ;önemli ölçüde, hatýrý sayýlýr miktarda;C1 ;adverb;;;;
substitute ;vekil, yedek;C1 ;noun;;;;
substitute ;yerine koymak, yerine kullanmak;C1 ;verb;;;;
substitution ;yerine geçme, yerini alma;C1 ;noun;;;;
subtle ;ince, göze çarpmayan;C1 ;adjective;;;;
suburb ;banliyö;B2 ;noun;;;;
suburban ;banliyöye özgü, tek düze;C1 ;adjective;;;;
succeed ;baþarmak, baþarýlý olmak;A2 ;verb;;;;
success ;baþarý;A1 ;noun;;;;
successful ;baþarýlý;A2 ;adjective;;;;
successfully ;baþarýlý bir þekilde;B1 ;adverb;;;;
succession ;art arda gelen;C1 ;noun;;;;
successive ;peþ peþe, üst üste;C1 ;adjective;;;;
successor ;vâris, halef;C1 ;noun;;;;
such ;böyle (biri), böyle bir þey;A2 ;determiner;;;;
suck ;emmek, içine çekmek;C1 ;verb;;;;
sudden ;ani;B1 ;adjective;;;;
suddenly ;aniden, birdenbire;A2 ;adverb;;;;
sue ;dava etmek, mahkemeye vermek;C1 ;verb;;;;
suffer ;"katlanmak, çekmek; acý çekmek";B1 ;verb;;;;
suffering ;ýstýrap, acý;B2 ;noun;;;;
sufficient ;yeterli;B2 ;adjective;;;;
sufficiently ;yeterince;B2 ;adverb;;;;
sugar ;þeker;A1 ;noun;;;;
suggest ;"önermek, teklif etmek
tavsiye etmek ";A2 ;verb;;;;
suggestion ;teklif, öneri;A2 ;noun;;;;
suicide ;intihar;C1 ;noun;;;;
suit ;takým elbise, tayyör;A2 ;noun;;;;
suit ;"uymak, uygun olmak
yakýþmak ";B1 ;verb;;;;
suitable ;uygun, elveriþli;B1 ;adjective;;;;
suite ; (otel) suit, kral dairesi;C1 ;noun;;;;
sum ;"miktar, meblað
toplam ";B2 ;noun;;;;
sum ;özetlemek;B2 ;verb;;;;
summarize ;özetlemek;B1 ;verb;;;;
summary ;özet;B1 ;noun;;;;
summer ;yaz;A1 ;noun;;;;
summit ;zirve, doruk;C1 ;noun;;;;
sun ;güneþ;A1 ;noun;;;;
Sunday ;Pazar (günü);A1 ;noun;;;;
super ;harika, olaðanüstü;B2 ;adjective;;;;
superb ;þahane, fevkalade;C1 ;adjective;;;;
superior ;üstün;C1 ;adjective;;;;
supermarket ;süpermarket;A1 ;noun;;;;
supervise ;denetlemek, nezaret etmek;C1 ;verb;;;;
supervision ;denetim, nezaret;C1 ;noun;;;;
supervisor ;"denetleyici, âmir; danýþman";C1 ;noun;;;;
supplement ;ek, ilave;C1 ;noun;;;;
supplement ;eklemek, ilave etmek, tamamlamak;C1 ;verb;;;;
supply ;"donaným, tedarik; mevcut, stok";B1 ;noun;;;;
supply ;"saðlamak, temin etmek; ihtiyacý karþýlamak, tedarik etmek";B1 ;verb;;;;
support ;destek, yardým;A2 ;noun;;;;
support ;desteklemek;A2 ;verb;;;;
supporter ;taraftar;B1 ;noun;;;;
supportive ;destekleyici;C1 ;adjective;;;;
suppose ;"sanmak, düþünmek
varsaymak ";A2 ;verb;;;;
supposedly ;güya, sözde;C1 ;adverb;;;;
suppress ;bastýrmak, durdurmak;C1 ;verb;;;;
supreme ;"en üstün, yüce; en büyük, en önemli";C1 ;adjective;;;;
sure ;emin;A1 ;adjective;;;;
sure ;"emin
kesin, muhakkak ";A2 ;adverb;;;;
surely ;þüphesiz;B1 ;adverb;;;;
surface ;su yüzeyi;B1 ;noun;;;;
surge ;sökün, akýn;C1 ;noun;;;;
surge ;sökün etmek, akýn etmek;C1 ;verb;;;;
surgeon ;cerrah;B2 ;noun;;;;
surgery ;"ameliyat
muayehane ";B2 ;noun;;;;
surgical ;cerrahi, cerraha veya cerrahlýða ait;C1 ;adjective;;;;
surplus ;fazla, fazlalýk;C1 ;noun;;;;
surprise ;"sürpriz
þaþkýnlýk, hayret ";A2 ;noun;;;;
surprise ;þaþýrtmak, sürpriz olmak;A2 ;verb;;;;
surprised ;þaþýrmýþ;A2 ;adjective;;;;
surprising ;þaþýrtýcý;A2 ;adjective;;;;
surrender ;teslim olmak;C1 ;verb;;;;
surround ;çevrelemek, kuþatmak;B2 ;verb;;;;
surrounding ;çevre, civar;B2 ;adjective;;;;
surveillance ;gözaltý, nezaret;C1 ;noun;;;;
survey ;anket;A2 ;noun;;;;
survey ;"incelemek, göz gezdirmek
ölçüm, haritasýný çýkarma ";B2 ;verb;;;;
survival ;"hayatta kalma; kalýntý, -den kalma";B2 ;noun;;;;
survive ;hayatta kalmak, sað kalmak;B1 ;verb;;;;
survivor ;sað kalan, kurtulan;B2 ;noun;;;;
suspect ;zanlý;B2 ;noun;;;;
suspect ;þüphelenmek;B2 ;verb;;;;
suspend ;"asmak, sarkýtmak
dondurmak, askýya almak ";B2 ;verb;;;;
suspension ;" (iþ) uzaklaþtýrma, el çektirme
süspansiyon ";C1 ;noun;;;;
suspicion ;þüphe;C1 ;noun;;;;
suspicious ;"kuþkulu
þüpheli ";C1 ;adjective;;;;
sustain ;"devamýný saðlamak, ayakta tutmak
sürdürmek ";C1 ;verb;;;;
sustainable ;"çevre dostu
sürebilir, sürdürülebilir ";B2 ;adjective;;;;
swallow ;yutmak;B2 ;verb;;;;
swear ;"küfretmek
yemin etmek, ant içmek ";B2 ;verb;;;;
sweater ;kazak, süveter;A1 ;noun;;;;
sweep ;süpürmek;B2 ;verb;;;;
sweet ;tatlý;A2 ;adjective;;;;
sweet ;"þeker, þekerleme
tatlý ";A2 ;noun;;;;
swim ;"yüzmek; yüzerek geçmek";A1 ;verb;;;;
swim ;yüzme;B1 ;noun;;;;
swing ;"sallanma
salýncak ";C1 ;noun;;;;
swing ;"sallanmak; sallamak";C1 ;verb;;;;
switch ;"deðiþmek; deðiþtirmek
(elektrik) açmak, kapatmak ";B1 ;verb;;;;
switch ;elektrik düðmesi;B2 ;noun;;;;
sword ;kýlýç;C1 ;noun;;;;
symbol ;sembol, simge;A2 ;noun;;;;
symbolic ;sembolik, simgesel;C1 ;adjective;;;;
sympathetic ;anlayýþlý, halden anlar;B2 ;adjective;;;;
sympathy ;"anlayýþ, duygularýný paylaþma, merhamet
sempati ";B2 ;noun;;;;
symptom ;hastalýk belirtisi, semptom;B1 ;noun;;;;
syndrome ;sendrom;C1 ;noun;;;;
synthesis ;sentez, bireþim;C1 ;noun;;;;
system ;sistem, düzen;A2 ;noun;;;;
systematic ;sistematik, sistemli;C1 ;adjective;;;;
table ;"masa
tablo";A1 ;noun;;;;
tablet ;"hap, tablet
tablet bilgisayar ";A2 ;noun;;;;
tackle ;ele almak, hakkýndan gelmek, üstesinden gelmek;B2 ;verb;;;;
tackle ;"top kesme; yere düþürme";C1 ;noun;;;;
tactic ;taktik;C1 ;noun;;;;
tactical ;taktik;C1 ;adjective;;;;
tag ;etiket;B2 ;noun;;;;
tag ;etiketlemek;B2 ;verb;;;;
tail ;kuyruk;B1 ;noun;;;;
take ;"almak; götürmek";A1 ;verb;;;;
tale ;"masal, hikâye
söylenti ";B2 ;noun;;;;
talent ;yetenek;B1 ;noun;;;;
talented ;yetenekli;B1 ;adjective;;;;
talk ;konuþmak;A1 ;verb;;;;
talk ;konuþma, görüþme;A2 ;noun;;;;
tall ;uzun boylu, uzun;A1 ;adjective;;;;
tank ;"depo
tank ";B2 ;noun;;;;
tap ;"musluk
hafif vuruþ ";B2 ;noun;;;;
tap ;"týklatmak; hafifçe vurmak";B2 ;verb;;;;
tape ;"bant
kaset ";B1 ;noun;;;;
target ;hedef;A2 ;noun;;;;
target ;"hedeflemek
hedef tahtasý ";B2 ;verb;;;;
task ;görev, iþ;A2 ;noun;;;;
taste ;"tat, lezzet
tadýmlýk ";A2 ;noun;;;;
taste ;tatmak;A2 ;verb;;;;
tax ;vergi;B1 ;noun;;;;
tax ;vergi kesmek, vergilendirmek;B1 ;verb;;;;
taxi ;taksi;A1 ;noun;;;;
tea ;çay;A1 ;noun;;;;
teach ;"öðretmek; öðretmenlik yapmak";A1 ;verb;;;;
teacher ;öðretmen;A1 ;noun;;;;
teaching ;öðretmenlik, öðretim;A2 ;noun;;;;
team ;"takým
grup, takým ";A1 ;noun;;;;
tear ;gözyaþý;B2 ;noun;;;;
tear ;"yýrtmak; yýrtýlmak";B2 ;verb;;;;
technical ;teknik;B1 ;adjective;;;;
technique ;yöntem, teknik;B1 ;noun;;;;
technological ;teknolojik;B2 ;adjective;;;;
technology ;teknoloji;A2 ;noun;;;;
teenage ;13–19 yaþ arasý;A2 ;adjective;;;;
teenager ;13–19 yaþ arasý kimse;A1 ;noun;;;;
teens ;13–19 yaþ dönemi;B2 ;noun;;;;
telephone ;telefon;A1 ;noun;;;;
telephone ;telefon etmek;A1 ;verb;;;;
television ;televizyon cihazý;A1 ;noun;;;;
tell ;söylemek, anlatmak;A1 ;verb;;;;
temperature ;"derece, ýsý
vücut ýsýsý, ateþ ";A2 ;noun;;;;
temple ;tapýnak, mabet;B2 ;noun;;;;
temporarily ;geçici olarak;B2 ;adverb;;;;
temporary ;geçici;B2 ;adjective;;;;
tempt ;"özendirmek, cezbetmek; aklýný çelmek, tahrik etmek";C1 ;verb;;;;
ten ;on;A1 ;number;;;;
tenant ;kiracý;C1 ;noun;;;;
tend ;eðiliminde olmak, meyilli olmak;B1 ;verb;;;;
tendency ;eðilim, meyil;B2 ;noun;;;;
tender ;"þefkatli, sevgi dolu
yumuþak, iyi piþmiþ ";C1 ;adjective;;;;
tennis ;tenis;A1 ;noun;;;;
tension ; (kiþiler, ülkeler vb. arasýnda) gerginlik, gerilim;B2 ;noun;;;;
tent ;çadýr;B1 ;noun;;;;
tenure ;"imtiyaz; tasarruf hakký, intifa hakký; memuriyet süresi";C1 ;noun;;;;
term ;tabir, terim;A2 ;noun;;;;
term ;adlandýrmak;B2 ;verb;;;;
terminal ;terminal;B2 ;noun;;;;
terminal ;ölümcül;C1 ;adjective;;;;
terminate ;"bitmek, sona ermek; bitirmek, sona edirmek";C1 ;verb;;;;
terrain ;arazi;C1 ;noun;;;;
terrible ;berbat;A1 ;adjective;;;;
terribly ;"çok, son derece
çok kötü, berbat ";B2 ;adverb;;;;
terrific ;harika, müthiþ;C1 ;adjective;;;;
terrify ;ödünü patlatmak, dehþete düþürmek;B2 ;verb;;;;
territory ;toprak, bölge, ülke;B2 ;noun;;;;
terror ;"dehþet
terör ";B2 ;noun;;;;
terrorism ;terörizm, tedhiþ;B2 ;noun;;;;
terrorist ;terörist, tedhiþçi;B2 ;noun;;;;
test ;"test, yoklama
sýnav, deneme ";A1 ;noun;;;;
test ;"yoklama yapmak, sýnav yapmak
denemek, sýnamak ";A1 ;verb;;;;
testify ;tanýklýk etmek, ifade vermek;C1 ;verb;;;;
testimony ;"kanýt, delil
tanýklýk ";C1 ;noun;;;;
text ;metin;A1 ;noun;;;;
text ;kýsa mesaj göndermek;A2 ;verb;;;;
textbook ;ders kitabý;B2 ;noun;;;;
texture ;doku;C1 ;noun;;;;
than ;-den daha;A1 ;conjunction;;;;
than ;-den;A1 ;preposition;;;;
thank ;teþekkür etmek;A1 ;verb;;;;
thankfully ;ne mutlu ki, çok þükür ki;C1 ;adverb;;;;
thanks ;teþekkürler;A1 ;noun;;;;
that ;"*used after certain verbs, nouns and adjectives to introduce a new part of the sentence
 She told me that she was leaving (ayrýldýðýný).";A1 ;conjunction;;;;
that ;þu, o;A1 ;determiner;;;;
that ;þu, o;A1 ;pronoun;;;;
that ;o kadar;B1 ;adverb;;;;
the ;*The sözcüðü genellikle Türkçeye çevrilmez.;A1 ;definite article;;;;
theatre ;tiyatro;A1 ;noun;;;;
theatrical ;tiyatroyla ilgili, tiyatro, sahne;C1 ;adjective;;;;
theft ;hýrsýzlýk;B2 ;noun;;;;
their ;onlarýn;A1 ;determiner;;;;
theirs ;onlarýnki;B1 ;pronoun;;;;
them ;onlarý, onlara;A1 ;pronoun;;;;
theme ;"konu; tema";B1 ;noun;;;;
themselves ;kendi kendilerine, kendi kendilerini;A2 ;pronoun;;;;
then ;o zaman, o zamanlar;A1 ;adverb;;;;
theology ;ilâhiyat;C1 ;noun;;;;
theoretical ;teorik, kuramsal;C1 ;adjective;;;;
theory ;"teori
kuram ";B1 ;noun;;;;
therapist ;terapist, uzman;B2 ;noun;;;;
therapy ;tedavi, terapi;B2 ;noun;;;;
there ;var;A1 ;adverb;;;;
thereafter ;ondan sonra, o andan itibaren;C1 ;adverb;;;;
thereby ;böylelikle, öylelikle;C1 ;adverb;;;;
therefore ;o nedenle, bu yüzden;B1 ;adverb;;;;
thesis ;tez;B2 ;noun;;;;
they ;onlar;A1 ;pronoun;;;;
thick ;"kalýn
sýk, gür ";A2 ;adjective;;;;
thief ;hýrsýz;A2 ;noun;;;;
thin ;"ince
zayýf ";A2 ;adjective;;;;
thing ;þey;A1 ;noun;;;;
think ;sanmak, zannetmek, düþünmek;A1 ;verb;;;;
thinking ;düþünme, düþünüþ;A2 ;noun;;;;
third ;üçüncü;A1 ;ord. number;;;;
third ;üçte bir;A2 ;noun;;;;
thirsty ;susamýþ;A1 ;adjective;;;;
thirteen ;on üç;A1 ;number;;;;
thirty ;otuz;A1 ;number;;;;
this ;bu, bunlar;A1 ;determiner;;;;
this ;bu, bunlar;A1 ;pronoun;;;;
this ;böyle, bu kadar;B1 ;adverb;;;;
thorough ;tam, dikkatli, eksiksiz;B2 ;adjective;;;;
thoroughly ;tamamýyla, adamakýllý, tam anlamýyla;B2 ;adverb;;;;
though ;raðmen, karþýn;B1 ;adverb;;;;
though ;raðmen, karþýn;B1 ;conjunction;;;;
thought ;fikir, düþünce;A2 ;noun;;;;
thoughtful ;düþünceli;C1 ;adjective;;;;
thousand ;bin;A1 ;number;;;;
thread ;iplik;C1 ;noun;;;;
threat ;tehdit;B2 ;noun;;;;
threaten ;tehdit etmek, korkutmak;B2 ;verb;;;;
three ;üç;A1 ;number;;;;
threshold ;eþik, kapý eþiði;C1 ;noun;;;;
thrilled ;sevinçten havalara uçan;C1 ;adjective;;;;
thrive ;serpilmek, geliþmek;C1 ;verb;;;;
throat ;boðaz;B1 ;noun;;;;
through ;bir yandan öbür yana, bir uçtan diðer uca;A1 ;adverb;;;;
through ;"içinden, -den, arasýndan
boyunca ";A1 ;preposition;;;;
throughout ;"her tarafý, her tarafýnda
baþýndan sonuna dek ";B1 ;adverb;;;;
throughout ;her tarafý, her tarafýnda;B1 ;preposition;;;;
throw ;atmak;A2 ;verb;;;;
thumb ;baþparmak;B2 ;noun;;;;
Thursday ;Perþembe (günü);A1 ;noun;;;;
thus ;böyle, þöyle;B2 ;adverb;;;;
ticket ;"bilet
ceza makbuzu ";A1 ;noun;;;;
tide ;gelgit, akým, cereyan;C1 ;noun;;;;
tidy ;düzenli, derli toplu;A2 ;adjective;;;;
tidy ;"toparlanmak; toparlamak, çekidüzen vermek";A2 ;verb;;;;
tie ;"kravat
baðlantýlý, iliþkili ";A2 ;noun;;;;
tie ;"baðlamak, düðümlemek
berabere kalmak ";A2 ;verb;;;;
tight ;"sýký, sýmsýký
dar ";B1 ;adjective;;;;
tighten ;"sýkýþmak; sýkmak";C1 ;verb;;;;
till [until] ;-e kadar, deðin, dek;B1 ;conjunction;;;;
till [until] ;-e kadar;B1 ;preposition;;;;
timber ;"kereste
kalas ";C1 ;noun;;;;
time ;"zaman, vakit
saat ";A1 ;noun;;;;
time ;zamanlamak, ayarlamak;B2 ;verb;;;;
timely ;tam zamanýnda olan, tam vaktinde olan;C1 ;adjective;;;;
timing ;zamanlama;B2 ;noun;;;;
tin ;"kalay
teneke kutu, konserve ";B1 ;noun;;;;
tiny ;minik, ufacýk;B1 ;adjective;;;;
tip ;"uç
öðüt, ipucu ";A2 ;noun;;;;
tip ;"yana yatmak; eðmek, yana yatýrmak
bahþiþ vermek ";B1 ;verb;;;;
tired ;yorgun;A1 ;adjective;;;;
tissue ;doku;B2 ;noun;;;;
title ;"ad, baþlýk
unvan ";A1 ;noun;;;;
to ;…mek/…mak, -meyi, …mek/…mak için;A1 ;inf. marker;;;;
to ;-e, -e doðru;A1 ;preposition;;;;
tobacco ;tütün;C1 ;noun;;;;
today ;bugün;A1 ;adverb;;;;
today ;bugün;A1 ;noun;;;;
toe ;ayak parmaðý;B1 ;noun;;;;
together ;beraber, yan yana, birlikte;A1 ;adverb;;;;
toilet ;tuvalet;A1 ;noun;;;;
tolerance ;hoþgörü, tolerans;C1 ;noun;;;;
tolerate ;"hoþ görmek
dayanmak, tahammül etmek ";C1 ;verb;;;;
toll ;geçiþ ücreti;C1 ;noun;;;;
tomato ;domates;A1 ;noun;;;;
tomorrow ;yarýn;A1 ;adverb;;;;
tomorrow ;yarýn;A1 ;noun;;;;
ton ;ton;B2 ;noun;;;;
tone ; (ses ) ton;B2 ;noun;;;;
tongue ;dil;B1 ;noun;;;;
tonight ;bu gece;A1 ;adverb;;;;
tonight ;bu gece;A1 ;noun;;;;
tonne ;ton, 1 000 kilogram;B2 ;noun;;;;
too ;gereðinden fazla, çok, aþýrý;A1 ;adverb;;;;
tool ;âlet;A2 ;noun;;;;
tooth ;diþ;A1 ;noun;;;;
top ;üst düzey, azami, en üst;A2 ;adjective;;;;
top ;"en üst, tepe, baþ
kapak ";A2 ;noun;;;;
top ;üstüne çýkmak, aþmak;C1 ;verb;;;;
topic ;konu;A1 ;noun;;;;
torture ;iþkence;C1 ;noun;;;;
torture ;iþkence etmek;C1 ;verb;;;;
toss ;"fýrlatmak
baþýný arkaya atmak ";C1 ;verb;;;;
total ;"toplam; tam";B1 ;adjective;;;;
total ;toplam;B1 ;noun;;;;
total ;tutmak, -e varmak;C1 ;verb;;;;
totally ;tamamen;B1 ;adverb;;;;
touch ;"dokunmak; elini sürmek
duygulandýrmak ";A2 ;verb;;;;
touch ;dokunma duyusu;B1 ;noun;;;;
tough ;zor;B2 ;adjective;;;;
tour ;tur, gezi;A2 ;noun;;;;
tour ;tura çýkmak, geziye çýkmak;B1 ;verb;;;;
tourism ;turizm;A2 ;noun;;;;
tourist ;turist;A1 ;noun;;;;
tournament ;turnuva;B2 ;noun;;;;
towards ;"-e doðru
sularýnda, dolaylarýnda ";A2 ;preposition;;;;
towel ;havlu;A2 ;noun;;;;
tower ;kule;A2 ;noun;;;;
town ;kasaba;A1 ;noun;;;;
toxic ;zehirli;C1 ;adjective;;;;
toy ;oyuncak;A2 ;adjective;;;;
toy ;oyuncak;A2 ;noun;;;;
trace ;izini bulmak;B2 ;verb;;;;
trace ;kalýntý, iz, eser;C1 ;noun;;;;
track ;"patika, keçi yolu
iz ";A2 ;noun;;;;
track ;izini takip etmek;B2 ;verb;;;;
trade ;ticaret, iþ;B1 ;noun;;;;
trade ;ticaret yapmak;B1 ;verb;;;;
trademark ;ticari marka;C1 ;noun;;;;
trading ;"ticaret yapma; takas";B2 ;noun;;;;
tradition ;gelenek;A2 ;noun;;;;
traditional ;geleneksel;A2 ;adjective;;;;
traffic ;trafik;A1 ;noun;;;;
tragedy ;trajedi, acýklý olay;B2 ;noun;;;;
tragic ;feci, korkunç, trajik;B2 ;adjective;;;;
trail ;"iz
patika ";C1 ;noun;;;;
trail ;"peþinden sürüklenmek; peþinden sürüklemek
geriden takip etmek ";C1 ;verb;;;;
trailer ;"römork
fragman ";C1 ;noun;;;;
train ;tren;A1 ;noun;;;;
train ;eðitmek, yetiþtirmek;A2 ;verb;;;;
trainer ;"spor ayakkabýsý
antrenör ";A2 ;noun;;;;
training ;"eðitim
antrenman ";A2 ;noun;;;;
trait ;kiþisel özellik, karakter özelliði;B2 ;noun;;;;
transaction ;iþlem, iþ;C1 ;noun;;;;
transcript ;kopya, suret;C1 ;noun;;;;
transfer ;"nakil; tayin";B2 ;noun;;;;
transfer ;"nakil olmak, tayin olmak; nakletmek, tayin etmek, aktarmak";B2 ;verb;;;;
transform ;dönüþtürmek;B2 ;verb;;;;
transformation ;deðiþim, dönüþüm;C1 ;noun;;;;
transit ;"taþýma, nakliye
transit geçme ";C1 ;noun;;;;
transition ;geçiþ;B2 ;noun;;;;
translate ;çevirmek, tercüme etmek;B1 ;verb;;;;
translation ;çeviri, tercüme;B1 ;noun;;;;
transmission ;yayma, yayýnlama, iletme, bulaþtýrma;C1 ;noun;;;;
transmit ; (TV, radio vb.) yayýnlamak, iletmek;B2 ;verb;;;;
transparency ;"asetat kâðýdý
saydamlýk ";C1 ;noun;;;;
transparent ;þeffaf, saydam;C1 ;adjective;;;;
transport ;"taþýma, ulaþým
taþýt, ulaþým aracý ";A2 ;noun;;;;
transport ;taþýmak, nakletmek;B1 ;verb;;;;
trap ;tuzak, kapan;B2 ;noun;;;;
trap ;mahsur kalmak, kapana kýstýrmak;B2 ;verb;;;;
trauma ;travma, sarsýntý;C1 ;noun;;;;
travel ;seyahat, yolculuk;A1 ;noun;;;;
travel ;seyahat etmek, yolculuk yapmak;A1 ;verb;;;;
traveller ;yolcu;A2 ;noun;;;;
treasure ;hazine, define;B2 ;noun;;;;
treat ;"davranmak, muamele etmek
saymak, gözü ile bakmak ";B1 ;verb;;;;
treatment ;"tedavi
muamele, davranýþ ";B1 ;noun;;;;
treaty ;antlaþma;C1 ;noun;;;;
tree ;aðaç;A1 ;noun;;;;
tremendous ;muazzam, müthiþ;C1 ;adjective;;;;
trend ;eðilim, akým, yön;B1 ;noun;;;;
trial ;duruþma, yargýlama;B2 ;noun;;;;
tribal ;kabileye ait;C1 ;adjective;;;;
tribe ;kabile, aþiret;B2 ;noun;;;;
tribunal ;mahkeme heyeti;C1 ;noun;;;;
tribute ;"þükran; saygý";C1 ;noun;;;;
trick ;"muziplik; numara, oyun, hile
aldatýcý ";B1 ;noun;;;;
trick ;"kandýrmak; dolandýrmak";B1 ;verb;;;;
trigger ;harekete geçirmek, tahrik etmek, baþlatmak;B2 ;verb;;;;
trigger ;"tetik
tetikleyici ";C1 ;noun;;;;
trillion ;trilyon;B2 ;number;;;;
trio ;üçlü;C1 ;noun;;;;
trip ;gezi, yolculuk;A1 ;noun;;;;
trip ;tökezlemek;B2 ;verb;;;;
triumph ;zafer, galibiyet;C1 ;noun;;;;
troop ;askerler;B2 ;noun;;;;
trophy ;kupa, ödül;C1 ;noun;;;;
tropical ;"dönencel; tropikal";B2 ;adjective;;;;
trouble ;bela, sorun, sýkýntý;A2 ;noun;;;;
trouble ;"canýný sýkmak, üzmek
rahatsýz etmek ";B2 ;verb;;;;
trousers ;pantolon;A1 ;noun;;;;
truck ;yük vagonu;A2 ;noun;;;;
true ;gerçek, doðru;A1 ;adjective;;;;
truly ;"tam anlamýyla, gerçekten
samimiyetle ";B2 ;adverb;;;;
trust ;"güven; sorumluluk
emanet, vesayet ";B2 ;noun;;;;
trust ;güvenmek;B2 ;verb;;;;
trustee ;yediemin, vasi;C1 ;noun;;;;
truth ;gerçek, doðru;B1 ;noun;;;;
try ;"çaba göstermek, uðraþmak, çalýþmak
denemek ";A1 ;verb;;;;
try ;deneme, teþebbüs;B2 ;noun;;;;
T-shirt ;tiþört;A1 ;noun;;;;
tsunami ;tsunami;B2 ;noun;;;;
tube ;boru, deney tüpü;B1 ;noun;;;;
Tuesday ;Salý (günü);A1 ;noun;;;;
tuition ;ders, öðretim;C1 ;noun;;;;
tune ;melodi, ezgi;B2 ;noun;;;;
tunnel ;tünel;B2 ;noun;;;;
turn ;"döndürme, çevirme
dönüþ ";A1 ;noun;;;;
turn ;"dönmek; döndürmek, çevirmek
çevirmek ";A1 ;verb;;;;
turnout ;katýlýmcýlar, seyirciler;C1 ;noun;;;;
turnover ;"iþ hacmi, ciro
kadro deðiþimi ";C1 ;noun;;;;
TV [television] ;televizyon cihazý;A1 ;noun;;;;
twelve ;on iki;A1 ;number;;;;
twenty ;yirmi;A1 ;number;;;;
twice ;iki kere, iki kez;A1 ;adverb;;;;
twin ;ikiz;A2 ;noun;;;;
twist ;"burkma, bükme, döndürme, çevirme
kývrým ";C1 ;noun;;;;
twist ;"burkmak, bükmek; burkulmak, bükülmek";C1 ;verb;;;;
two ;iki;A1 ;number;;;;
type ;"çeþit, tür, tip
tip, cins ";A1 ;noun;;;;
type ; (bilg., daktilo) yazmak;B1 ;verb;;;;
typical ;tipik;A2 ;adjective;;;;
typically ;tipik olarak, genelde;B1 ;adverb;;;;
tyre ; (otomobil) lastik;B1 ;noun;;;;
ugly ;çirkin, iðrenç;B1 ;adjective;;;;
ultimate ;son, nihai, temel;B2 ;adjective;;;;
ultimately ;eninde sonunda;B2 ;adverb;;;;
umbrella ;þemsiye;A1 ;noun;;;;
unable ;aciz;B1 ;adjective;;;;
unacceptable ;kabul edilemez;B2 ;adjective;;;;
uncertainty ;belirsizlik, kararsýzlýk;B2 ;noun;;;;
uncle ;amca, dayý, eniþte;A1 ;noun;;;;
uncomfortable ;rahatsýz, rahat deðil;B1 ;adjective;;;;
unconscious ;baygýn, kendinde deðil;B2 ;adjective;;;;
under ;altýna, altýnda;A1 ;adverb;;;;
under ;altýna, altýnda;A1 ;preposition;;;;
undergo ;maruz kalmak, geçirmek, baþýndan geçmek;B2 ;verb;;;;
undergraduate ;üniversite öðrencisi;C1 ;noun;;;;
underground ;yeraltý;A2 ;adjective;;;;
underground ;yer altýnda, toprak altýnda;A2 ;adverb;;;;
underlying ;altýnda yatan, gerçek, belli baþlý;C1 ;adjective;;;;
undermine ;sarsmak;C1 ;verb;;;;
understand ;anlamak, kavramak;A1 ;verb;;;;
understanding ;"bilgi; anlayýþ, anlama, kavrama
anlaþma, uzlaþma ";A2 ;noun;;;;
undertake ;giriþmek, yürütmek;B2 ;verb;;;;
underwear ;iç çamaþýrý;B1 ;noun;;;;
undoubtedly ;hiç þüphesiz, þüphesiz ki;C1 ;adverb;;;;
unemployed ;iþsiz;B1 ;adjective;;;;
unemployment ;iþsiz sayýsý;B1 ;noun;;;;
unexpected ;beklenmedik, âni;B2 ;adjective;;;;
unfair ;"haksýz, eþitlik gözetmeyen, taraflý
adaletsiz ";B1 ;adjective;;;;
unfold ;"açýlmak; açmak";B2 ;verb;;;;
unfortunate ;þanssýz, bahtsýz;B2 ;adjective;;;;
unfortunately ;ne yazýk ki, maalesef;A2 ;adverb;;;;
unhappy ;mutsuz, üzgün;A2 ;adjective;;;;
uniform ;üniforma, forma;A2 ;noun;;;;
unify ;birleþtirmek;C1 ;verb;;;;
union ;"kulüp, dernek
birlik ";B1 ;noun;;;;
unique ;"tek, eþsiz
özgü ";B2 ;adjective;;;;
unit ;bölüm, ünite;A2 ;noun;;;;
unite ;birleþmek;B2 ;verb;;;;
united ;birleþik, birleþmiþ;A2 ;adjective;;;;
unity ;"birlik, bütünlük; uyum";B2 ;noun;;;;
universal ;"evrensel; genel";B2 ;adjective;;;;
universe ;evren;B2 ;noun;;;;
university ;üniversite;A1 ;noun;;;;
unknown ;bilinmeyen, bilinmedik;B2 ;adjective;;;;
unless ;-medikçe, -mezse;B1 ;conjunction;;;;
unlike ;-den farklý olarak, -in aksine;B1 ;preposition;;;;
unlikely ;olasý deðil, olasýlýðý zayýf;B1 ;adjective;;;;
unnecessary ;gereksiz;B1 ;adjective;;;;
unpleasant ;tatsýz, hoþa gitmeyen;B1 ;adjective;;;;
unprecedented ;eþi görülmemiþ, emsalsiz;C1 ;adjective;;;;
until ;-e kadar, deðin, dek;A1 ;conjunction;;;;
until ;-e kadar;A1 ;preposition;;;;
unusual ;"görülmedik, alýþýlmamýþ, sýra dýþý
ilginç, tuhaf ";A2 ;adjective;;;;
unveil ; (resim, heykel vb.) açmak, törenle açýlýþýný yapmak;C1 ;verb;;;;
up ;yukarý, yukarýya, yukarýda;A1 ;adverb;;;;
up ;yukarý, yukarýya, yukarýda;A1 ;preposition;;;;
update ;"modernleþtirme; güncelleþtirme";B1 ;noun;;;;
update ;"modernleþtirmek
güncelleþtirmek ";B1 ;verb;;;;
upgrade ;yükseltme;C1 ;noun;;;;
upgrade ;yükseltmek, iyileþtirmek;C1 ;verb;;;;
uphold ;arka çýkmak, desteklemek;C1 ;verb;;;;
upon [on] ;üstünde, üstüne;B1 ;preposition;;;;
upper ;üst;B2 ;adjective;;;;
upset ;üzüntülü, bozulmuþ;B1 ;adjective;;;;
upset ;üzmek, keyfini kaçýrmak;B1 ;verb;;;;
upstairs ;yukarý, yukarýya, yukarýda;A1 ;adverb;;;;
upstairs ;üst kattaki, üst kata ait;A2 ;adjective;;;;
upwards ;yukarý doðru, yukarýya;B2 ;adverb;;;;
urban ;kentsel;B2 ;adjective;;;;
urge ;ýsrar etmek, tavsiye etmek, baský yapmak;B2 ;verb;;;;
urgent ;âcil, ivedi;B2 ;adjective;;;;
us ;bizi, bize;A1 ;pronoun;;;;
usage ;kullaným;B2 ;noun;;;;
use ;kullanmak;A1 ;verb;;;;
use ;"kullaným, kullanýþ, kullanma
iþlev, yarar ";A2 ;noun;;;;
used ;kullanýlmýþ;B1 ;adjective;;;;
used to ;eskiden -di, -erdi;A2 ;modal verb;;;;
useful ;kullanýþlý, yararlý;A1 ;adjective;;;;
useless ;faydasýz, iþe yaramaz, boþ;B2 ;adjective;;;;
user ;kullanan, kullanýcý;A2 ;noun;;;;
usual ;her zamanki, olaðan;A2 ;adjective;;;;
usually ;çoðunlukla, genellikle;A1 ;adverb;;;;
utility ;"kamu hizmetleri kuruluþu
fayda, yarar ";C1 ;noun;;;;
utilize ;kullanmak, yararlanmak;C1 ;verb;;;;
utterly ;tamamen;C1 ;adverb;;;;
vacation ;tatil;A1 ;noun;;;;
vacuum ;vakum, boþluk;C1 ;noun;;;;
vague ;"belli belirsiz, bulanýk; flu";C1 ;adjective;;;;
valid ;"geçerli; yasal
saðlam ";B2 ;adjective;;;;
validity ;geçerlilik, saðlamlýk, yasallýk;C1 ;noun;;;;
valley ;vadi;A2 ;noun;;;;
valuable ;deðerli, önemli;B1 ;adjective;;;;
value ;deðer;B1 ;noun;;;;
value ;"önem vermek, deðer vermek
deðer, önem, yarar ";B2 ;verb;;;;
van ;kamyonet;A2 ;noun;;;;
vanish ;gözden kaybolmak, ortadan yok olmak;C1 ;verb;;;;
variable ;deðiþken;C1 ;adjective;;;;
variation ;"çeþitlilik, farklýlýk, iniþ çýkýþ
varyasyon ";B2 ;noun;;;;
varied ;çeþitli, çeþitlilik gösteren, bol çeþide yer veren;C1 ;adjective;;;;
variety ;deðiþik, çeþitli;A2 ;noun;;;;
various ;çeþitli, farklý, türlü;B1 ;adjective;;;;
vary ;deðiþiklik göstermek, farklýlýk göstermek;B2 ;verb;;;;
vast ;"çok büyük, muazzam; uçsuz bucaksýz, engin";B2 ;adjective;;;;
vegetable ;sebze;A1 ;noun;;;;
vehicle ;araç, taþýt;A2 ;noun;;;;
vein ;damar;C1 ;noun;;;;
venture ;riskli iþ;C1 ;noun;;;;
venture ;cüret etmek, riske girmek;C1 ;verb;;;;
venue ; (maç, konferansýn yapýlacaðý) salon, yer;B2 ;noun;;;;
verbal ;sözel;C1 ;adjective;;;;
verdict ;karar, hüküm;C1 ;noun;;;;
verify ;doðrulamak, teyit etmek;C1 ;verb;;;;
verse ;nazým, koþuk;C1 ;noun;;;;
version ;versiyon, uyarlama;B1 ;noun;;;;
versus ; (spor) -e karþý;C1 ;preposition;;;;
vertical ;dikey, düþey;B2 ;adjective;;;;
very ;çok, pek;A1 ;adverb;;;;
very ;çok, pek;B2 ;adjective;;;;
vessel ;gemi, tekne;C1 ;noun;;;;
veteran ;kýdemli, üstat;C1 ;noun;;;;
via ;"yolu ile, üzerinden
vasýtasýyla ";B2 ;preposition;;;;
viable ;uygulanabilir, pratik;C1 ;adjective;;;;
vibrant ;canlý, hareketli;C1 ;adjective;;;;
vice ;kötülük, ahlaksýzlýk;C1 ;noun;;;;
vicious ;acýmasýz, insafsýz;C1 ;adjective;;;;
victim ;kurban;B1 ;noun;;;;
victory ;zafer, galibiyet;B2 ;noun;;;;
video ;video teyp;A1 ;noun;;;;
view ;"görüþ, fikir
manzara ";A2 ;noun;;;;
view ;saymak, deðerlendirmek;B1 ;verb;;;;
viewer ;seyirci;B1 ;noun;;;;
viewpoint ;bakýþ açýsý;B2 ;noun;;;;
village ;köy;A1 ;noun;;;;
villager ;köylü;C1 ;noun;;;;
violate ;ihlal etmek, bozmak, çiðnemek;C1 ;verb;;;;
violation ;ihlal, çiðneme;C1 ;noun;;;;
violence ;þiddet, vahþet;B2 ;noun;;;;
violent ;sert, saldýrgan;B1 ;adjective;;;;
virtual ;"âdeta, gerçekte
sanal ";B2 ;adjective;;;;
virtue ;"erdem, doðruluk
meziyet ";C1 ;noun;;;;
virus ;virüs;A2 ;noun;;;;
visa ;vize;B2 ;noun;;;;
visible ;görülebilir, gözle görülür;B2 ;adjective;;;;
vision ;"görme yeteneði; görüþ";B2 ;noun;;;;
visit ;ziyaret;A1 ;noun;;;;
visit ;ziyaret etmek;A1 ;verb;;;;
visitor ;misafir, ziyaretçi;A1 ;noun;;;;
visual ;görsel;B2 ;adjective;;;;
vital ;hayati;B2 ;adjective;;;;
vitamin ;vitamin;B2 ;noun;;;;
vocal ;insan sesine ait, vokal;C1 ;adjective;;;;
voice ;ses;A2 ;noun;;;;
volume ;"hacim
ses ";B2 ;noun;;;;
voluntary ;isteðe baðlý, gönüllü;B2 ;adjective;;;;
volunteer ;gönüllü;B1 ;noun;;;;
volunteer ;"kendiliðinden teklif etmek; gönüllü olmak";B1 ;verb;;;;
vote ;oy, oy pusulasý;B1 ;noun;;;;
vote ;"oy vermek/kullanmak
seçmek ";B1 ;verb;;;;
vow ;yemin etmek, ant içmek;C1 ;verb;;;;
vulnerability ;savunmasýzlýk, kolay yara alma;C1 ;noun;;;;
vulnerable ;savunmasýz, kolay yara alýr;C1 ;adjective;;;;
wage ;ücret, haftalýk;B2 ;noun;;;;
wait ;beklemek;A1 ;verb;;;;
wait ;bekleyiþ;A2 ;noun;;;;
waiter ;garson;A1 ;noun;;;;
wake ;"uyanmak; ";A1 ;verb;;;;
walk ;gezinti, yürüyüþ;A1 ;noun;;;;
walk ;yürümek;A1 ;verb;;;;
wall ;duvar;A1 ;noun;;;;
wander ;"dolaþmak, gezinmek; dolaþtýrmak, gezdirmek
ayrýlmak, daðýlmak ";B2 ;verb;;;;
want ;istemek;A1 ;verb;;;;
war ;savaþ;A2 ;noun;;;;
ward ; (hastane) koðuþ;C1 ;noun;;;;
warehouse ;depo, ambar;C1 ;noun;;;;
warfare ;savaþ;C1 ;noun;;;;
warm ;sýcak, ýlýk;A1 ;adjective;;;;
warm ;" (bir þeye) ýsýnmak; ýsýtmak";B1 ;verb;;;;
warn ;uyarmak, ikaz etmek;B1 ;verb;;;;
warning ;ikaz, uyarý;B1 ;noun;;;;
warrant ;müzekkere;C1 ;noun;;;;
warrant ;hak etmek, gerektirmek, layýk olmak;C1 ;verb;;;;
warrior ;savaþçý, asker;C1 ;noun;;;;
wash ;"yýkanmak; yýkamak";A1 ;verb;;;;
wash ;"yýkanma; yýkama";A2 ;noun;;;;
washing ;çamaþýr yýkama;A2 ;noun;;;;
waste ;" (arazi) boþ, verimsiz, çorak
atýk ";B1 ;adjective;;;;
waste ;boþa harcanma, heba olma;B1 ;noun;;;;
waste ;boþuna harcamak, çarçur etmek, israf etmek;B1 ;verb;;;;
watch ;kol saati;A1 ;noun;;;;
watch ;seyretmek, izlemek;A1 ;verb;;;;
water ;su;A1 ;noun;;;;
water ;sulamak;B1 ;verb;;;;
wave ;dalga;A2 ;noun;;;;
wave ;"el sallamak
sallamak ";B1 ;verb;;;;
way ;yol, yöntem, tarz;A1 ;noun;;;;
way ;ta, en;B2 ;adverb;;;;
we ;biz;A1 ;pronoun;;;;
weak ;zayýf, güçsüz, halsiz;A2 ;adjective;;;;
weaken ;"zayýflamak, güçsüzleþmek; zayýflatmak, güçsüzleþtirmek";C1 ;verb;;;;
weakness ;zayýflýk, güçsüzlük;B2 ;noun;;;;
wealth ;varlýk, zenginlik;B2 ;noun;;;;
wealthy ;varlýklý, zengin;B2 ;adjective;;;;
weapon ;silah;B1 ;noun;;;;
wear ;giymek, takmak;A1 ;verb;;;;
weather ;hava;A1 ;noun;;;;
weave ;dokumak, örmek;C1 ;verb;;;;
web ;að;A2 ;noun;;;;
website ;internet sitesi;A1 ;noun;;;;
wedding ;düðün;A2 ;noun;;;;
Wednesday ;Çarþamba (günü);A1 ;noun;;;;
weed ;yabani ot, zararlý ot;C1 ;noun;;;;
week ;hafta;A1 ;noun;;;;
weekend ;hafta sonu;A1 ;noun;;;;
weekly ;haftalýk, haftada bir;B2 ;adjective;;;;
weigh ;"aðýrlýðýnda olmak, gelmek, çekmek
tartmak ";B1 ;verb;;;;
weight ;aðýrlýk;A2 ;noun;;;;
weird ;acayip, tuhaf, esrarengiz;B2 ;adjective;;;;
welcome ;hoþa giden, makbule geçen, sevindirici;A1 ;adjective;;;;
welcome ;hoþ geldiniz;A1 ;exclamation;;;;
welcome ;hoþgeldin demek;A1 ;verb;;;;
welcome ;iyi karþýlama;A2 ;noun;;;;
welfare ;"esenlik, rahat, iyilik
sosyal yardým ";B2 ;noun;;;;
well ;iyi, saðlýklý;A1 ;adjective;;;;
well ;iyi;A1 ;adverb;;;;
well ;"aaa!; oh!";A1 ;exclamation;;;;
well ;kuyu;C1 ;noun;;;;
well-being ;esenlik, mutluluk;C1 ;noun;;;;
west ;batý;A1 ;adjective;;;;
west ;batýsýnda, batýya, batýsýna;A1 ;adverb;;;;
west ;batý;A1 ;noun;;;;
western ;"batý; batýya ait";B1 ;adjective;;;;
wet ;"ýslak
yaðmurlu ";A2 ;adjective;;;;
what ;ne;A1 ;determiner;;;;
what ;ne;A1 ;pronoun;;;;
whatever ;ne kadar, olabildiðince;B1 ;determiner;;;;
whatever ;ne kadar, olabildiðince;B1 ;pronoun;;;;
whatever ;hiç, zerre kadar;C1 ;adverb;;;;
wheat ;buðday;B2 ;noun;;;;
wheel ;tekerlek, çark;A2 ;noun;;;;
when ;ne zaman;A1 ;adverb;;;;
when ;bir þey olduðu zaman, iken;A1 ;conjunction;;;;
whenever ;"her zaman; her ne zaman, ne zaman olursa";B1 ;conjunction;;;;
where ;nerede, nereye, nereden;A1 ;adverb;;;;
where ;nerede, nereye, nereden;A1 ;conjunction;;;;
whereas ;oysa;B2 ;conjunction;;;;
whereby ;"ki onunla; sayesinde";C1 ;adverb;;;;
wherever ;her nerede, her nereyi;B2 ;conjunction;;;;
whether ;"-ip -meyeceðini, -ip -mediðini
 He asked me whether we would be coming (gelip gelmeyeceðimizi) to the party.";B1 ;conjunction;;;;
which ;hangi;A1 ;determiner;;;;
which ;hangi;A1 ;pronoun;;;;
while ;-iken, esnasýnda, sýrasýnda;A2 ;conjunction;;;;
while ;"bir süre, biraz
ara sýra ";B1 ;noun;;;;
whip ;"kýrbaçlamak, kamçýlamak
çekip çýkarmak ";C1 ;verb;;;;
whisper ;fýsýltý;B2 ;noun;;;;
whisper ;fýsýldamak;B2 ;verb;;;;
white ;beyaz, ak;A1 ;adjective;;;;
white ;"beyaz, beyaz renk
göz aký ";A1 ;noun;;;;
who ;kim;A1 ;pronoun;;;;
whoever ;her kimse;B2 ;pronoun;;;;
whole ;tüm, bütün;A2 ;adjective;;;;
whole ;bütün, tam;B1 ;noun;;;;
wholly ;tamamen, bütünüyle;C1 ;adverb;;;;
whom ;"kimi, kime, kiminle; ki ona/onu";B2 ;pronoun;;;;
whose ;kimin;A2 ;determiner;;;;
whose ;kimin;A2 ;pronoun;;;;
why ;niçin, neden;A1 ;adverb;;;;
wide ;geniþ;A2 ;adjective;;;;
widely ;"geniþ ölçüde; çok";B2 ;adverb;;;;
widen ;"geniþlemek; geniþletmek";C1 ;verb;;;;
widespread ;büyük çapta, yaygýn;B2 ;adjective;;;;
widow ;dul kadýn;C1 ;noun;;;;
width ;geniþlik, en;C1 ;noun;;;;
wife ;karý, eþ;A1 ;noun;;;;
wild ;"vahþi, yabani
çýlgýn ";A2 ;adjective;;;;
wildlife ;yabani hayvanlar, vahþi doða;B2 ;noun;;;;
will ;-ecek;A1 ;modal verb;;;;
will ;azim, irade;B1 ;noun;;;;
willing ;"hazýr; razý";B2 ;adjective;;;;
willingness ;isteklilik, gönüllülük;C1 ;noun;;;;
win ;"kazanmak; galip gelmek";A1 ;verb;;;;
win ;galibiyet, baþarý;B1 ;noun;;;;
wind ;"rüzgâr
gaz, hava ";A2 ;noun;;;;
wind ;nefesini kesmek;B2 ;verb;;;;
window ;"pencere; cam";A1 ;noun;;;;
wine ;þarap;A1 ;noun;;;;
wing ;"kanat
(otomobil) çamurluk ";B1 ;noun;;;;
winner ;galip;A2 ;noun;;;;
winter ;kýþ;A1 ;noun;;;;
wipe ;silmek;C1 ;verb;;;;
wire ;tel;B2 ;noun;;;;
wisdom ;bilgelik, mantýk, akýllýlýk;B2 ;noun;;;;
wise ;"bilge, akýllý
mantýklý ";B2 ;adjective;;;;
wish ;dilek, arzu;A2 ;noun;;;;
wish ;"keþke
dilekte bulunmak ";A2 ;verb;;;;
wit ;"nükte, nüktedanlýk, espri
akýl, zeka ";C1 ;noun;;;;
with ;ile, beraber;A1 ;preposition;;;;
withdraw ;"çekilmek; çekmek";B2 ;verb;;;;
withdrawal ;"geri çekme; geri çekilme";C1 ;noun;;;;
within ;içinde;B1 ;preposition;;;;
without ;-siz;A1 ;preposition;;;;
witness ;"görgü tanýðý
þahit ";B2 ;noun;;;;
witness ;tanýk olmak;B2 ;verb;;;;
woman ;kadýn;A1 ;noun;;;;
wonder ;"hayranlýk, hayret
mucize, hayranlýk ";B1 ;noun;;;;
wonder ;merak etmek;B1 ;verb;;;;
wonderful ;harika, þahane;A1 ;adjective;;;;
wood ;odun, tahta;A2 ;noun;;;;
wooden ;tahta, tahtadan yapýlmýþ;A2 ;adjective;;;;
wool ;yün;B1 ;noun;;;;
word ;sözcük, kelime;A1 ;noun;;;;
work ;iþ;A1 ;noun;;;;
work ;"çalýþmak; çalýþtýrmak";A1 ;verb;;;;
worker ;iþçi;A1 ;noun;;;;
workforce ;"iþçiler
iþ gücü ";B2 ;noun;;;;
working ;çalýþan;A2 ;adjective;;;;
workout ;egzersiz, antrenman;C1 ;noun;;;;
workplace ;iþ yeri;B2 ;noun;;;;
workshop ;atölye;B2 ;noun;;;;
world ;dünya;A1 ;noun;;;;
worldwide ;dünya çapýnda, bütün dünyada;B1 ;adjective;;;;
worldwide ;dünya çapýnda, bütün dünyada;B1 ;adverb;;;;
worm ;solucan, kurt;B2 ;noun;;;;
worried ;kaygýlý, tedirgin;A2 ;adjective;;;;
worry ;"merak etmek, kaygýlanmak
canýný sýkmak ";A2 ;verb;;;;
worry ;endiþe, merak;B1 ;noun;;;;
worse ;daha kötü, daha fena;A2 ;adjective;;;;
worse ;daha kötü, daha beter;B1 ;adverb;;;;
worse ;daha kötü, daha beter;B2 ;noun;;;;
worship ;ibadet, tapýnma;C1 ;noun;;;;
worship ;ibadet etmek, tapýnmak;C1 ;verb;;;;
worst ;en kötü;A2 ;adjective;;;;
worst ;en kötü;B1 ;adverb;;;;
worst ;en kötüsü;B2 ;noun;;;;
worth ;deðer, eder;B1 ;adjective;;;;
worth ;deðerinde, -lik;B2 ;noun;;;;
worthwhile ; (harcanan zamana, emeðe vb.) deðer;C1 ;adjective;;;;
worthy ;deðer, layýk, uygun;C1 ;adjective;;;;
would ;"*istemek, -ecekti
Bize yardým edeceklerdi.";A1 ;modal verb;;;;
wound ;yara;B2 ;noun;;;;
wound ; (silahla) yaralamak;B2 ;verb;;;;
wow ;vay!;A2 ;exclamation;;;;
wrap ;sarmak, sarýp sarmalamak, paket yapmak;B2 ;verb;;;;
wrist ;bilek;B2 ;noun;;;;
write ;yazmak;A1 ;verb;;;;
writer ;yazar;A1 ;noun;;;;
writing ;yazma;A1 ;noun;;;;
written ;yazýlý;B1 ;adjective;;;;
wrong ;yanlýþ;A1 ;adjective;;;;
wrong ;yanlýþ;B1 ;adverb;;;;
wrong ;"yanlýþ
hatalý, kusurlu ";B2 ;noun;;;;
yard ;avlu;B1 ;noun;;;;
yeah ;evet;A1 ;exclamation;;;;
year ;"yýl, takvim yýlý
yaþ ";A1 ;noun;;;;
yell ;avaz avaz baðýrmak, feryat etmek, haykýrmak;C1 ;verb;;;;
yellow ;sarý;A1 ;adjective;;;;
yellow ;sarý;A1 ;noun;;;;
yes ;evet, tabii;A1 ;exclamation;;;;
yesterday ;dün;A1 ;adverb;;;;
yesterday ;dün;A1 ;noun;;;;
yet ;henüz, daha;A2 ;adverb;;;;
yet ;ama, yine de;B2 ;conjunction;;;;
yield ;ürün, gelir, kazanç;C1 ;noun;;;;
yield ;"ürün vermek, saðlamak
kabul etmek, boyun eðmek ";C1 ;verb;;;;
you ;"sen; siz";A1 ;pronoun;;;;
young ;genç, küçük, yeni;A1 ;adjective;;;;
young ;"gençlik, gençler
yavru ";B1 ;noun;;;;
youngster ;genç, delikanlý;C1 ;noun;;;;
your ;senin, sizin;A1 ;determiner;;;;
yours ;seninki, sizinki;A2 ;pronoun;;;;
yourself ;kendin, kendini, kendine, kendiniz, kendinizi, kendinize;A1 ;pronoun;;;;
youth ;gençlik;B1 ;noun;;;;
zero ;sýfýr;A2 ;number;;;;
zone ;bölge, kuþak, dilim;B2 ;noun;;;;
